,participant,Scene type,Type,Scene number,SS Latency,BP Latency
0,19,Video,AG,14,40143.0,41595.0
1,19,Video,control,16,45177.0,46615.0
2,19,Video,AG,2,50592.0,52355.0
3,19,Video,A,5,55887.0,57405.0
4,19,Video,AG,4,61383.0,62845.0
5,19,Video,AG,12,67053.0,68831.0
6,19,Video,A,3,72813.0,73951.0
7,19,Video,AG,13,77892.0,79551.0
8,19,Video,A,6,83538.0,84676.0
9,19,Video,A,11,88911.0,89957.0
10,19,Video,A,8,94206.0,95042.0
11,19,Video,G,1,99552.0,100952.0
12,19,Video,AG,9,105243.0,106427.0
13,19,Video,G,15,110457.0,111542.0
14,19,Video,G,10,115698.0,116763.0
15,19,Video,AG,7,121146.0,122543.0
16,19,Video,A,3,126951.0,127743.0
17,19,Video,AG,4,131811.0,132809.0
18,19,Video,AG,9,137016.0,137804.0
19,19,Video,control,16,141702.0,143069.0
20,19,Video,AG,14,147558.0,148509.0
21,19,Video,AG,2,152397.0,153834.0
22,19,Video,A,5,157671.0,159114.0
23,19,Video,A,6,163047.0,163969.0
24,19,Video,A,8,168042.0,168859.0
25,19,Video,AG,12,173226.0,174444.0
26,19,Video,AG,13,178767.0,179499.0
27,19,Video,AG,7,183642.0,184914.0
28,19,Video,A,11,189138.0,189944.0
29,19,Video,G,10,194268.0,195109.0
30,19,Video,G,15,199941.0,201084.0
31,19,Video,G,1,205416.0,206744.0
32,18,Video,A,3,41700.0,43348.0
33,18,Video,A,6,48000.0,49183.0
34,18,Video,G,1,53520.0,55468.0
35,18,Video,control,16,59580.0,60948.0
36,18,Video,G,10,64860.0,66743.0
37,18,Video,G,15,71037.0,72873.0
38,18,Video,AG,7,76500.0,78733.0
39,18,Video,AG,14,82260.0,83488.0
40,18,Video,AG,13,87360.0,89583.0
41,18,Video,A,8,93000.0,94518.0
42,18,Video,AG,9,98700.0,100434.0
43,18,Video,A,5,104175.0,106134.0
44,18,Video,AG,4,109830.0,111434.0
45,18,Video,A,11,114840.0,116399.0
46,18,Video,AG,2,120465.0,122699.0
47,18,Video,AG,12,126345.0,128734.0
48,18,Video,AG,13,131730.0,133064.0
49,18,Video,AG,4,136842.0,0.0
50,18,Video,G,15,141960.0,142439.0
51,18,Video,AG,14,148020.0,149689.0
52,18,Video,AG,9,153090.0,0.0
53,18,Video,A,6,157860.0,159229.0
54,18,Video,AG,2,163047.0,164904.0
55,18,Video,A,11,168675.0,170189.0
56,18,Video,A,5,174171.0,175519.0
57,18,Video,AG,12,179640.0,181584.0
58,18,Video,G,10,185430.0,187099.0
59,18,Video,control,16,191130.0,192714.0
60,18,Video,A,3,196140.0,197559.0
61,18,Video,G,1,201120.0,202890.0
62,18,Video,AG,7,206850.0,208755.0
63,18,Video,A,8,212265.0,213745.0
64,8,Video,A,6,35700.0,36795.0
65,8,Video,A,11,40977.0,42095.0
66,8,Video,AG,7,46299.0,47355.0
67,8,Video,AG,2,52089.0,53950.0
68,8,Video,AG,12,57528.0,0.0
69,8,Video,AG,9,63201.0,64500.0
70,8,Video,G,10,68100.0,0.0
71,8,Video,AG,4,73800.0,74905.0
72,8,Video,A,3,78900.0,79970.0
73,8,Video,AG,13,83898.0,84790.0
74,8,Video,control,16,89130.0,90575.0
75,8,Video,G,15,94050.0,0.0
76,8,Video,AG,14,99360.0,100375.0
77,8,Video,A,5,104100.0,105120.0
78,8,Video,A,8,109341.0,110425.0
79,8,Video,G,1,114810.0,117020.0
80,8,Video,G,15,120600.0,0.0
81,8,Video,control,16,126468.0,128100.0
82,8,Video,AG,9,131466.0,132479.0
83,8,Video,AG,12,136332.0,137374.0
84,8,Video,A,11,141660.0,142699.0
85,8,Video,A,5,147000.0,148284.0
86,8,Video,G,1,152868.0,154674.0
87,8,Video,AG,2,158460.0,159344.0
88,8,Video,AG,13,163800.0,164839.0
89,8,Video,G,10,169110.0,170989.0
90,8,Video,AG,7,174540.0,175574.0
91,8,Video,A,8,180300.0,180929.0
92,8,Video,AG,4,185166.0,186229.0
93,8,Video,AG,14,190050.0,190929.0
94,8,Video,A,6,195300.0,196144.0
95,8,Video,A,3,200130.0,200779.0
96,14,Video,G,15,42900.0,0.0
97,14,Video,A,11,48900.0,49942.0
98,14,Video,AG,12,54600.0,56232.0
99,14,Video,A,8,60300.0,61757.0
100,14,Video,AG,14,65700.0,67082.0
101,14,Video,AG,9,70800.0,0.0
102,14,Video,AG,13,75900.0,77616.0
103,14,Video,AG,7,81300.0,0.0
104,14,Video,A,5,86700.0,88286.0
105,14,Video,A,3,92100.0,0.0
106,14,Video,A,6,96900.0,0.0
107,14,Video,control,16,102000.0,0.0
108,14,Video,AG,2,107100.0,108276.0
109,14,Video,G,1,112500.0,114191.0
110,14,Video,AG,4,117900.0,0.0
111,14,Video,G,10,122700.0,0.0
112,14,Video,AG,13,128100.0,129596.0
113,14,Video,AG,7,133200.0,134921.0
114,14,Video,G,1,138900.0,0.0
115,14,Video,A,6,144300.0,144976.0
116,14,Video,A,5,149400.0,150971.0
117,14,Video,control,16,155100.0,0.0
118,14,Video,AG,4,160200.0,161331.0
119,14,Video,A,3,165000.0,165780.0
120,14,Video,AG,2,169800.0,170696.0
121,14,Video,AG,12,175500.0,176120.0
122,14,Video,A,8,180900.0,181830.0
123,14,Video,AG,9,185700.0,186735.0
124,14,Video,A,11,190800.0,0.0
125,14,Video,G,15,195900.0,197395.0
126,14,Video,AG,14,201600.0,0.0
127,14,Video,G,10,206400.0,206980.0
128,17,Video,A,11,55959.0,57084.0
129,17,Video,A,6,61449.0,62550.0
130,17,Video,AG,2,66546.0,68016.0
131,17,Video,G,15,72099.0,73671.0
132,17,Video,AG,9,77886.0,0.0
133,17,Video,G,1,83055.0,84495.0
134,17,Video,G,10,88761.0,89409.0
135,17,Video,A,8,94764.0,96330.0
136,17,Video,AG,7,100314.0,101430.0
137,17,Video,A,3,106104.0,106800.0
138,17,Video,AG,14,111210.0,111864.0
139,17,Video,AG,4,116376.0,0.0
140,17,Video,AG,13,121380.0,122406.0
141,17,Video,A,5,126990.0,128013.0
142,17,Video,control,16,132534.0,0.0
143,17,Video,AG,12,137688.0,139188.0
144,17,Video,AG,4,143034.0,144135.0
145,17,Video,AG,7,148164.0,149553.0
146,17,Video,AG,12,153960.0,155544.0
147,17,Video,A,8,159408.0,160065.0
148,17,Video,G,15,164100.0,0.0
149,17,Video,A,5,169359.0,170463.0
150,17,Video,AG,2,175068.0,176019.0
151,17,Video,G,1,180660.0,181869.0
152,17,Video,control,16,186480.0,187545.0
153,17,Video,A,6,191253.0,191994.0
154,17,Video,AG,9,196209.0,196980.0
155,17,Video,G,10,201348.0,202170.0
156,17,Video,AG,13,206670.0,207345.0
157,17,Video,A,11,211494.0,211968.0
158,17,Video,A,3,216714.0,217140.0
159,17,Video,AG,14,221898.0,222600.0
160,16,Video,A,5,39585.0,41220.0
161,16,Video,A,8,44889.0,46980.0
162,16,Video,G,10,50430.0,52479.0
163,16,Video,AG,2,55929.0,58041.0
164,16,Video,AG,12,61626.0,63339.0
165,16,Video,AG,13,67059.0,69165.0
166,16,Video,AG,9,72741.0,74256.0
167,16,Video,AG,4,77919.0,79380.0
168,16,Video,A,3,83040.0,84039.0
169,16,Video,G,1,88305.0,90396.0
170,16,Video,A,11,94038.0,95634.0
171,16,Video,G,15,99135.0,100314.0
172,16,Video,control,16,104400.0,106056.0
173,16,Video,AG,7,109716.0,111765.0
174,16,Video,AG,14,115044.0,116523.0
175,16,Video,A,6,120150.0,121515.0
176,16,Video,AG,2,125316.0,127323.0
177,16,Video,A,8,130560.0,131514.0
178,16,Video,AG,12,135519.0,136605.0
179,16,Video,G,15,141264.0,143175.0
180,16,Video,A,3,146715.0,147666.0
181,16,Video,G,1,151824.0,153300.0
182,16,Video,AG,7,157134.0,159213.0
183,16,Video,AG,13,162591.0,164184.0
184,16,Video,A,11,167574.0,169350.0
185,16,Video,A,5,172785.0,174651.0
186,16,Video,AG,9,177969.0,178983.0
187,16,Video,AG,4,183159.0,184713.0
188,16,Video,control,16,188199.0,189900.0
189,16,Video,A,6,193434.0,194130.0
190,16,Video,G,10,198234.0,199329.0
191,16,Video,AG,14,203778.0,205383.0
192,15,Video,AG,9,46833.0,48135.0
193,15,Video,A,5,52773.0,54300.0
194,15,Video,A,11,58398.0,59334.0
195,15,Video,AG,13,63519.0,65130.0
196,15,Video,AG,12,69054.0,71025.0
197,15,Video,A,8,74955.0,76689.0
198,15,Video,AG,4,80517.0,81963.0
199,15,Video,control,16,85893.0,87045.0
200,15,Video,AG,7,91308.0,93234.0
201,15,Video,AG,2,97257.0,98823.0
202,15,Video,G,1,102645.0,0.0
203,15,Video,G,10,108123.0,0.0
204,15,Video,A,6,113679.0,114468.0
205,15,Video,A,3,118674.0,120060.0
206,15,Video,AG,14,124233.0,125598.0
207,15,Video,G,15,129333.0,130797.0
208,15,Video,A,3,135024.0,136593.0
209,15,Video,G,1,139947.0,142032.0
210,15,Video,A,8,146577.0,147978.0
211,15,Video,AG,9,152463.0,153603.0
212,15,Video,AG,13,158187.0,159657.0
213,15,Video,AG,2,163032.0,164493.0
214,15,Video,G,10,168453.0,169602.0
215,15,Video,AG,4,174168.0,175662.0
216,15,Video,AG,7,179109.0,180819.0
217,15,Video,A,5,185007.0,186813.0
218,15,Video,A,11,190839.0,0.0
219,15,Video,AG,12,196122.0,198177.0
220,15,Video,control,16,201798.0,203094.0
221,15,Video,AG,14,207117.0,0.0
222,15,Video,A,6,211932.0,213303.0
223,15,Video,G,15,217449.0,219087.0
224,12,Video,control,16,41352.0,42903.0
225,12,Video,AG,13,46908.0,48807.0
226,12,Video,A,3,52437.0,53991.0
227,12,Video,A,5,57330.0,59097.0
228,12,Video,AG,7,62901.0,64416.0
229,12,Video,A,6,68463.0,69393.0
230,12,Video,G,15,73398.0,74970.0
231,12,Video,AG,2,79167.0,80562.0
232,12,Video,AG,4,84591.0,0.0
233,12,Video,AG,14,89976.0,90792.0
234,12,Video,G,1,95196.0,96768.0
235,12,Video,A,8,100737.0,102570.0
236,12,Video,AG,12,106086.0,107241.0
237,12,Video,AG,9,111852.0,113097.0
238,12,Video,A,11,116808.0,117672.0
239,12,Video,G,10,122166.0,123861.0
240,12,Video,AG,2,127311.0,128793.0
241,12,Video,AG,14,132828.0,134271.0
242,12,Video,control,16,137817.0,139347.0
243,12,Video,A,8,142680.0,144306.0
244,12,Video,A,11,147381.0,148746.0
245,12,Video,A,3,152598.0,153432.0
246,12,Video,G,10,157716.0,159162.0
247,12,Video,G,1,163197.0,164628.0
248,12,Video,G,15,168915.0,170406.0
249,12,Video,A,6,174228.0,175416.0
250,12,Video,AG,12,179127.0,180948.0
251,12,Video,AG,7,184707.0,186177.0
252,12,Video,AG,13,190542.0,191460.0
253,12,Video,AG,4,195381.0,197037.0
254,12,Video,AG,9,200562.0,201342.0
255,12,Video,A,5,205446.0,207015.0
256,7,Video,AG,14,41418.0,42774.0
257,7,Video,A,6,46704.0,48126.0
258,7,Video,G,10,52317.0,53880.0
259,7,Video,G,15,58224.0,60021.0
260,7,Video,AG,13,63678.0,65538.0
261,7,Video,G,1,69405.0,71424.0
262,7,Video,AG,12,74754.0,76488.0
263,7,Video,A,8,80415.0,82110.0
264,7,Video,A,11,86286.0,87423.0
265,7,Video,AG,2,91713.0,93210.0
266,7,Video,AG,9,97134.0,98136.0
267,7,Video,control,16,102261.0,103719.0
268,7,Video,AG,7,107658.0,109203.0
269,7,Video,AG,4,113544.0,114972.0
270,7,Video,A,3,118557.0,119274.0
271,7,Video,A,5,123489.0,124629.0
272,7,Video,G,15,128958.0,130413.0
273,7,Video,AG,12,134505.0,135798.0
274,7,Video,G,1,140082.0,141732.0
275,7,Video,AG,14,145947.0,146904.0
276,7,Video,A,6,150906.0,151767.0
277,7,Video,A,11,156483.0,157509.0
278,7,Video,A,3,161634.0,162342.0
279,7,Video,AG,9,166764.0,167538.0
280,7,Video,AG,7,172068.0,173463.0
281,7,Video,A,8,177417.0,178212.0
282,7,Video,A,5,182388.0,183549.0
283,7,Video,AG,13,188067.0,188802.0
284,7,Video,control,16,192783.0,194133.0
285,7,Video,AG,2,197568.0,198429.0
286,7,Video,G,10,203349.0,204228.0
287,7,Video,AG,4,208974.0,210600.0
288,2,Video,AG,12,56163.0,57474.0
289,2,Video,AG,2,62193.0,63315.0
290,2,Video,G,1,67740.0,69708.0
291,2,Video,A,11,73728.0,74427.0
292,2,Video,AG,13,79089.0,80154.0
293,2,Video,A,8,84858.0,86424.0
294,2,Video,G,15,90333.0,91758.0
295,2,Video,control,16,95829.0,97062.0
296,2,Video,A,5,101259.0,102792.0
297,2,Video,AG,4,106500.0,107658.0
298,2,Video,G,10,111714.0,112872.0
299,2,Video,AG,9,117426.0,118506.0
300,2,Video,AG,14,122496.0,123492.0
301,2,Video,A,6,127596.0,128568.0
302,2,Video,A,3,132936.0,133659.0
303,2,Video,AG,7,138237.0,138963.0
304,2,Video,AG,9,144096.0,145263.0
305,2,Video,control,16,149517.0,150279.0
306,2,Video,A,11,154569.0,155439.0
307,2,Video,AG,13,160002.0,160554.0
308,2,Video,AG,7,165054.0,166074.0
309,2,Video,A,6,170928.0,171537.0
310,2,Video,AG,14,176151.0,177087.0
311,2,Video,G,10,181104.0,181887.0
312,2,Video,G,1,186867.0,188586.0
313,2,Video,A,8,192483.0,193653.0
314,2,Video,A,3,197793.0,198318.0
315,2,Video,A,5,202887.0,204288.0
316,2,Video,AG,2,208947.0,209916.0
317,2,Video,G,15,214953.0,216561.0
318,2,Video,AG,12,220893.0,222072.0
319,2,Video,AG,4,226317.0,227583.0
320,4,Video,A,3,38598.0,39654.0
321,4,Video,G,1,43404.0,44943.0
322,4,Video,AG,13,48723.0,49323.0
323,4,Video,A,8,54375.0,55539.0
324,4,Video,G,15,59853.0,61653.0
325,4,Video,AG,12,65058.0,0.0
326,4,Video,AG,4,70518.0,71103.0
327,4,Video,control,16,75420.0,77079.0
328,4,Video,AG,2,80469.0,81660.0
329,4,Video,A,5,85965.0,87225.0
330,4,Video,AG,7,91308.0,92160.0
331,4,Video,AG,9,96774.0,0.0
332,4,Video,A,11,101925.0,102819.0
333,4,Video,A,6,106773.0,107625.0
334,4,Video,G,10,112110.0,112743.0
335,4,Video,AG,14,117855.0,119175.0
336,4,Video,AG,14,123063.0,124674.0
337,4,Video,AG,4,127764.0,129144.0
338,4,Video,A,11,132489.0,133593.0
339,4,Video,control,16,137613.0,0.0
340,4,Video,AG,2,142713.0,144690.0
341,4,Video,AG,12,148533.0,150495.0
342,4,Video,G,15,154065.0,156000.0
343,4,Video,AG,9,159813.0,161385.0
344,4,Video,A,5,164838.0,166515.0
345,4,Video,G,10,170244.0,172065.0
346,4,Video,AG,7,175755.0,176280.0
347,4,Video,AG,13,181254.0,182745.0
348,4,Video,A,8,186108.0,0.0
349,4,Video,G,1,190953.0,192498.0
350,4,Video,A,6,196323.0,197334.0
351,4,Video,A,3,201969.0,202374.0
352,6,Video,A,3,45087.0,46173.0
353,6,Video,AG,7,50214.0,0.0
354,6,Video,A,11,55887.0,0.0
355,6,Video,A,6,60972.0,61599.0
356,6,Video,A,5,66207.0,67119.0
357,6,Video,AG,4,71964.0,73104.0
358,6,Video,AG,9,76857.0,77772.0
359,6,Video,AG,14,81858.0,82962.0
360,6,Video,control,16,86958.0,87897.0
361,6,Video,G,10,92214.0,0.0
362,6,Video,AG,12,97722.0,99387.0
363,6,Video,AG,2,103128.0,104322.0
364,6,Video,A,8,108564.0,0.0
365,6,Video,AG,13,113928.0,115083.0
366,6,Video,G,15,119634.0,120714.0
367,6,Video,G,1,125007.0,126303.0
368,6,Video,AG,7,130989.0,0.0
369,6,Video,A,11,136779.0,0.0
370,6,Video,A,6,141687.0,142146.0
371,6,Video,A,8,146718.0,147597.0
372,6,Video,AG,13,151752.0,0.0
373,6,Video,AG,9,156891.0,0.0
374,6,Video,A,5,162117.0,163203.0
375,6,Video,AG,12,167583.0,168726.0
376,6,Video,G,10,172923.0,173928.0
377,6,Video,AG,4,178362.0,0.0
378,6,Video,G,1,183441.0,184863.0
379,6,Video,A,3,189186.0,190083.0
380,6,Video,AG,2,193947.0,195252.0
381,6,Video,AG,14,199443.0,0.0
382,6,Video,G,15,204222.0,205563.0
383,6,Video,control,16,209823.0,210597.0
384,11,Video,A,3,42273.0,43137.0
385,11,Video,A,6,47187.0,48324.0
386,11,Video,AG,9,51453.0,52773.0
387,11,Video,AG,13,56553.0,57777.0
388,11,Video,A,11,62169.0,62838.0
389,11,Video,G,1,67608.0,68988.0
390,11,Video,AG,4,73653.0,75117.0
391,11,Video,A,8,80178.0,81387.0
392,11,Video,G,10,85788.0,86679.0
393,11,Video,A,5,91203.0,92829.0
394,11,Video,AG,12,96942.0,98229.0
395,11,Video,AG,14,102489.0,103788.0
396,11,Video,AG,2,107478.0,109014.0
397,11,Video,control,16,112713.0,113709.0
398,11,Video,AG,7,117987.0,119463.0
399,11,Video,G,15,123702.0,125127.0
400,11,Video,AG,2,128409.0,129879.0
401,11,Video,A,8,134124.0,135207.0
402,11,Video,G,10,139428.0,140217.0
403,11,Video,AG,7,145503.0,147072.0
404,11,Video,AG,4,151464.0,153042.0
405,11,Video,AG,13,156534.0,157158.0
406,11,Video,A,3,161577.0,162213.0
407,11,Video,AG,9,166587.0,167763.0
408,11,Video,A,6,171654.0,172707.0
409,11,Video,AG,14,177351.0,178272.0
410,11,Video,G,15,183333.0,184758.0
411,11,Video,AG,12,189087.0,190311.0
412,11,Video,G,1,194451.0,196023.0
413,11,Video,control,16,199938.0,200721.0
414,11,Video,A,5,205473.0,206883.0
415,11,Video,A,11,211008.0,211656.0
416,5,Video,AG,14,43557.0,44862.0
417,5,Video,AG,9,48654.0,0.0
418,5,Video,A,6,54162.0,0.0
419,5,Video,AG,12,59628.0,60198.0
420,5,Video,A,3,65421.0,66033.0
421,5,Video,control,16,70533.0,0.0
422,5,Video,A,5,75711.0,77142.0
423,5,Video,G,1,81357.0,81603.0
424,5,Video,AG,13,87423.0,88071.0
425,5,Video,AG,4,93063.0,0.0
426,5,Video,G,15,98688.0,0.0
427,5,Video,AG,2,104592.0,105756.0
428,5,Video,AG,7,110328.0,111243.0
429,5,Video,G,10,115848.0,0.0
430,5,Video,A,8,121773.0,0.0
431,5,Video,A,11,127386.0,128388.0
432,5,Video,A,5,132867.0,134106.0
433,5,Video,control,16,138771.0,140331.0
434,5,Video,A,8,143886.0,145431.0
435,5,Video,AG,14,148722.0,150033.0
436,5,Video,AG,7,154272.0,155718.0
437,5,Video,AG,2,160842.0,0.0
438,5,Video,G,15,167388.0,168993.0
439,5,Video,A,11,172806.0,173736.0
440,5,Video,AG,4,178143.0,0.0
441,5,Video,A,3,183291.0,184656.0
442,5,Video,AG,12,188562.0,190461.0
443,5,Video,AG,9,194307.0,195522.0
444,5,Video,AG,13,199161.0,199968.0
445,5,Video,A,6,204441.0,205701.0
446,5,Video,G,10,209301.0,0.0
447,5,Video,G,1,214713.0,216777.0
448,1,Video,A,11,43113.0,0.0
449,1,Video,G,10,48066.0,48576.0
450,1,Video,A,3,53403.0,0.0
451,1,Video,AG,2,58467.0,59631.0
452,1,Video,AG,13,63936.0,0.0
453,1,Video,A,5,69072.0,70386.0
454,1,Video,AG,4,74427.0,0.0
455,1,Video,A,8,79527.0,80757.0
456,1,Video,G,1,84936.0,86241.0
457,1,Video,AG,9,90492.0,91446.0
458,1,Video,AG,14,95211.0,0.0
459,1,Video,AG,7,100071.0,0.0
460,1,Video,control,16,105387.0,106170.0
461,1,Video,AG,12,110151.0,0.0
462,1,Video,G,15,115755.0,0.0
463,1,Video,A,6,121170.0,0.0
464,1,Video,A,5,126192.0,0.0
465,1,Video,A,6,131937.0,0.0
466,1,Video,A,3,136770.0,137772.0
467,1,Video,AG,12,141831.0,0.0
468,1,Video,AG,7,147366.0,147786.0
469,1,Video,AG,13,152835.0,153327.0
470,1,Video,G,15,157611.0,158790.0
471,1,Video,AG,14,162765.0,0.0
472,1,Video,A,11,167586.0,167847.0
473,1,Video,AG,4,172761.0,173100.0
474,1,Video,A,8,177867.0,178902.0
475,1,Video,G,1,182796.0,183207.0
476,1,Video,control,16,188286.0,189057.0
477,1,Video,G,10,193152.0,0.0
478,1,Video,AG,2,198615.0,0.0
479,1,Video,AG,9,204360.0,204852.0
480,3,Video,AG,9,42450.0,43635.0
481,3,Video,AG,14,47841.0,49056.0
482,3,Video,AG,12,52716.0,54240.0
483,3,Video,G,15,58185.0,59730.0
484,3,Video,G,10,63387.0,64245.0
485,3,Video,control,16,68745.0,69705.0
486,3,Video,AG,4,73701.0,74931.0
487,3,Video,A,8,78540.0,80232.0
488,3,Video,A,6,84006.0,84666.0
489,3,Video,A,11,88986.0,90327.0
490,3,Video,AG,13,93840.0,95016.0
491,3,Video,G,1,99327.0,100770.0
492,3,Video,A,5,105426.0,106380.0
493,3,Video,A,3,110961.0,112182.0
494,3,Video,AG,7,115947.0,117447.0
495,3,Video,AG,2,121407.0,122847.0
496,3,Video,A,6,126882.0,127806.0
497,3,Video,AG,4,132180.0,133416.0
498,3,Video,A,8,137235.0,137997.0
499,3,Video,AG,2,142437.0,143250.0
500,3,Video,G,15,147666.0,148755.0
501,3,Video,A,5,152985.0,153885.0
502,3,Video,AG,9,158205.0,158865.0
503,3,Video,G,10,162930.0,163716.0
504,3,Video,control,16,168450.0,169611.0
505,3,Video,G,1,173241.0,174681.0
506,3,Video,AG,13,178791.0,178791.0
507,3,Video,A,11,182571.0,183594.0
508,3,Video,AG,14,187674.0,188610.0
509,3,Video,AG,7,192651.0,194151.0
510,3,Video,AG,12,198294.0,199686.0
511,3,Video,A,3,204195.0,204999.0
512,10,Video,control,16,43518.0,0.0
513,10,Video,AG,12,49029.0,0.0
514,10,Video,A,5,54585.0,0.0
515,10,Video,A,6,60060.0,61188.0
516,10,Video,G,15,65385.0,0.0
517,10,Video,AG,9,71298.0,0.0
518,10,Video,A,8,76554.0,78000.0
519,10,Video,G,1,82233.0,84288.0
520,10,Video,G,10,88044.0,0.0
521,10,Video,A,3,93768.0,94713.0
522,10,Video,AG,14,98913.0,99639.0
523,10,Video,A,11,104199.0,104763.0
524,10,Video,AG,2,109134.0,0.0
525,10,Video,AG,7,114888.0,116073.0
526,10,Video,AG,13,120750.0,121860.0
527,10,Video,AG,4,125973.0,0.0
528,10,Video,control,16,130959.0,131940.0
529,10,Video,AG,14,136173.0,137124.0
530,10,Video,AG,7,141129.0,0.0
531,10,Video,AG,2,146658.0,0.0
532,10,Video,AG,4,152025.0,0.0
533,10,Video,A,3,157284.0,0.0
534,10,Video,G,15,162387.0,0.0
535,10,Video,A,5,167832.0,169457.4
536,10,Video,AG,12,173463.0,176454.0
537,10,Video,AG,13,179664.0,0.0
538,10,Video,G,1,184554.0,0.0
539,10,Video,AG,9,189924.0,0.0
540,10,Video,A,8,195129.0,0.0
541,10,Video,G,10,200088.0,201487.2
542,10,Video,A,11,205719.0,207402.0
543,10,Video,A,6,210534.0,211308.0
544,13,Video,A,11,45735.0,0.0
545,13,Video,AG,9,49506.0,50061.0
546,13,Video,AG,2,52995.0,0.0
547,13,Video,A,6,57216.0,58005.0
548,13,Video,A,5,0.0,0.0
549,13,Video,AG,13,61950.0,0.0
550,13,Video,AG,12,65712.0,66351.0
551,13,Video,G,1,69750.0,71616.0
552,13,Video,control,16,73896.0,75351.0
553,13,Video,A,8,77406.0,0.0
554,13,Video,AG,4,81261.0,0.0
555,13,Video,AG,14,84789.0,0.0
556,13,Video,AG,7,87795.0,89874.0
557,13,Video,G,10,92016.0,94005.0
558,13,Video,G,15,95739.0,0.0
559,13,Video,A,3,99900.0,0.0
560,13,Video,AG,7,103101.0,104355.0
561,13,Video,G,15,107244.0,0.0
562,13,Video,control,16,111669.0,112644.0
563,13,Video,AG,13,114966.0,116679.0
564,13,Video,A,6,118554.0,0.0
565,13,Video,G,1,122514.0,122961.0
566,13,Video,AG,2,126345.0,128640.0
567,13,Video,A,11,130254.0,132066.0
568,13,Video,A,8,133764.0,0.0
569,13,Video,A,5,137289.0,139365.0
570,13,Video,AG,4,141126.0,142749.0
571,13,Video,AG,12,144351.0,0.0
572,13,Video,AG,9,148596.0,150276.0
573,13,Video,A,3,152169.0,0.0
574,13,Video,G,10,155400.0,0.0
575,13,Video,AG,14,159375.0,0.0
576,9,Video,A,8,42750.0,44685.0
577,9,Video,AG,14,48369.0,49500.0
578,9,Video,G,1,55080.0,56568.0
579,9,Video,G,10,61623.0,62373.0
580,9,Video,AG,13,67494.0,68574.0
581,9,Video,AG,9,73233.0,74514.0
582,9,Video,A,3,78513.0,79743.0
583,9,Video,A,11,84273.0,85338.0
584,9,Video,A,5,89739.0,91002.0
585,9,Video,A,6,94878.0,96192.0
586,9,Video,AG,2,100779.0,101763.0
587,9,Video,G,15,106407.0,108288.0
588,9,Video,AG,4,111609.0,112989.0
589,9,Video,AG,7,116892.0,118338.0
590,9,Video,control,16,122652.0,123639.0
591,9,Video,AG,12,127962.0,129282.0
592,9,Video,G,1,133557.0,135267.0
593,9,Video,AG,9,139284.0,140289.0
594,9,Video,control,16,144717.0,145524.0
595,9,Video,AG,14,154374.0,154983.0
596,9,Video,AG,4,159837.0,160974.0
597,9,Video,A,6,165453.0,166338.0
598,9,Video,A,11,175557.0,176094.0
599,9,Video,A,5,180513.0,181617.0
600,9,Video,AG,12,187062.0,189279.0
601,9,Video,AG,7,192747.0,194007.0
602,9,Video,AG,13,202674.0,203397.0
603,9,Video,A,3,207648.0,208602.0
604,9,Video,AG,2,213732.0,0.0
605,9,Video,G,15,220284.0,221859.0
606,9,Video,G,10,225768.0,227304.0
607,9,Video,A,8,235608.0,236271.0
608,20,Video,AG,14,39195.0,40530.0
609,20,Video,G,10,44376.0,46077.0
610,20,Video,AG,12,49626.0,51630.0
611,20,Video,A,5,55305.0,56967.0
612,20,Video,A,6,61026.0,62475.0
613,20,Video,AG,4,65985.0,67656.0
614,20,Video,G,15,70806.0,72666.0
615,20,Video,A,3,76500.0,78081.0
616,20,Video,G,1,81525.0,83700.0
617,20,Video,A,8,87180.0,89289.0
618,20,Video,AG,7,92964.0,95139.0
619,20,Video,AG,13,98700.0,100806.0
620,20,Video,AG,2,103911.0,105891.0
621,20,Video,control,16,109365.0,111006.0
622,20,Video,AG,9,114546.0,116196.0
623,20,Video,A,11,119406.0,120906.0
624,20,Video,G,1,124815.0,126900.0
625,20,Video,G,15,130716.0,132726.0
626,20,Video,A,6,136026.0,137799.0
627,20,Video,A,3,141111.0,142725.0
628,20,Video,AG,14,146145.0,147705.0
629,20,Video,AG,4,151605.0,153201.0
630,20,Video,control,16,156945.0,158559.0
631,20,Video,AG,2,162471.0,164571.0
632,20,Video,A,8,167895.0,169620.0
633,20,Video,A,11,173004.0,174750.0
634,20,Video,AG,7,178431.0,180594.0
635,20,Video,A,5,184146.0,186216.0
636,20,Video,AG,9,189426.0,191031.0
637,20,Video,G,10,194676.0,196731.0
638,20,Video,AG,13,200565.0,202224.0
639,20,Video,AG,12,206091.0,208254.0
640,21,Video,A,6,35259.0,36408.0
641,21,Video,AG,4,41007.0,42603.0
642,21,Video,AG,13,45891.0,0.0
643,21,Video,AG,9,51516.0,53058.0
644,21,Video,AG,12,56838.0,57723.0
645,21,Video,A,8,62088.0,64137.0
646,21,Video,control,16,67566.0,68736.0
647,21,Video,AG,14,72627.0,0.0
648,21,Video,AG,7,77478.0,78642.0
649,21,Video,G,1,83223.0,0.0
650,21,Video,AG,2,88773.0,0.0
651,21,Video,A,5,94473.0,0.0
652,21,Video,G,15,99651.0,0.0
653,21,Video,G,10,105267.0,107043.0
654,21,Video,A,3,110841.0,0.0
655,21,Video,A,11,115848.0,117468.0
656,21,Video,AG,9,120726.0,121773.0
657,21,Video,A,11,126036.0,126618.0
658,21,Video,G,1,130866.0,133047.0
659,21,Video,AG,7,136728.0,137487.0
660,21,Video,G,15,142311.0,144363.0
661,21,Video,AG,13,147693.0,153297.0
662,21,Video,A,5,152481.0,159237.0
663,21,Video,A,8,157881.0,0.0
664,21,Video,AG,12,162783.0,0.0
665,21,Video,AG,2,168246.0,169131.0
666,21,Video,A,6,173613.0,0.0
667,21,Video,control,16,178638.0,0.0
668,21,Video,AG,4,183762.0,0.0
669,21,Video,A,3,188697.0,0.0
670,21,Video,G,10,193716.0,0.0
671,21,Video,AG,14,199026.0,0.0
672,21,Text,AG,13,52053.0,54318.0
673,21,Text,G,15,57345.0,57597.0
674,21,Text,AG,9,60750.0,63714.0
675,21,Text,A,3,66558.0,68250.0
676,21,Text,AG,4,70404.0,72105.0
677,21,Text,AG,7,75495.0,76689.0
678,21,Text,control,16,80673.0,81273.0
679,21,Text,A,6,83175.0,84183.0
680,21,Text,A,5,86862.0,87468.0
681,21,Text,A,11,90798.0,92049.0
682,21,Text,G,1,94497.0,95949.0
683,21,Text,AG,2,98124.0,98919.0
684,21,Text,AG,14,100644.0,101529.0
685,21,Text,A,8,106122.0,107829.0
686,21,Text,AG,12,112137.0,112713.0
687,21,Text,G,10,114528.0,115254.0
688,21,Text,A,8,116814.0,117588.0
689,21,Text,G,10,119904.0,120894.0
690,21,Text,A,5,122853.0,124728.0
691,21,Text,control,16,129123.0,129927.0
692,21,Text,G,15,131694.0,132897.0
693,21,Text,AG,12,134529.0,135003.0
694,21,Text,AG,7,136962.0,137769.0
695,21,Text,AG,4,139707.0,140403.0
696,21,Text,G,1,142419.0,143514.0
697,21,Text,AG,2,145263.0,145908.0
698,21,Text,AG,14,147618.0,148224.0
699,21,Text,A,11,150018.0,150549.0
700,21,Text,AG,13,152253.0,152868.0
701,21,Text,AG,9,154488.0,154947.0
702,21,Text,A,6,158679.0,159258.0
703,21,Text,A,3,161787.0,162333.0
704,22,Video,AG,9,36027.0,37494.0
705,22,Video,AG,13,41799.0,43257.0
706,22,Video,A,8,47439.0,0.0
707,22,Video,A,6,53328.0,0.0
708,22,Video,G,15,58422.0,60132.0
709,22,Video,A,11,64053.0,64707.0
710,22,Video,G,1,69348.0,71334.0
711,22,Video,G,10,75144.0,0.0
712,22,Video,AG,12,80727.0,0.0
713,22,Video,A,3,86529.0,87444.0
714,22,Video,AG,14,91689.0,0.0
715,22,Video,AG,7,96903.0,97638.0
716,22,Video,AG,4,102387.0,103527.0
717,22,Video,A,5,107709.0,108444.0
718,22,Video,AG,2,113013.0,113592.0
719,22,Video,control,16,118347.0,119352.0
720,22,Video,G,10,123828.0,0.0
721,22,Video,AG,13,129648.0,130332.0
722,22,Video,AG,7,134829.0,135927.0
723,22,Video,AG,12,140442.0,141582.0
724,22,Video,A,5,145869.0,147213.0
725,22,Video,A,8,151398.0,152262.0
726,22,Video,A,3,156783.0,0.0
727,22,Video,AG,14,161493.0,162228.0
728,22,Video,A,11,166248.0,0.0
729,22,Video,AG,4,171678.0,0.0
730,22,Video,G,1,176946.0,0.0
731,22,Video,AG,2,183066.0,0.0
732,22,Video,control,16,188397.0,0.0
733,22,Video,A,6,193647.0,194397.0
734,22,Video,AG,9,199263.0,0.0
735,22,Video,G,15,204282.0,0.0
736,22,Text,AG,9,39510.0,41046.0
737,22,Text,A,6,46056.0,47052.0
738,22,Text,A,3,48876.0,49722.0
739,22,Text,G,1,51510.0,53652.0
740,22,Text,AG,13,55425.0,56805.0
741,22,Text,G,15,58356.0,61377.0
742,22,Text,G,10,63126.0,65385.0
743,22,Text,A,8,67497.0,68292.0
744,22,Text,AG,4,70092.0,70746.0
745,22,Text,A,5,72792.0,73476.0
746,22,Text,AG,14,76785.0,77586.0
747,22,Text,control,16,79626.0,80385.0
748,22,Text,AG,7,82722.0,83802.0
749,22,Text,A,11,86022.0,86835.0
750,22,Text,AG,12,88875.0,89457.0
751,22,Text,AG,2,91326.0,92205.0
752,22,Text,AG,4,93912.0,94986.0
753,22,Text,A,11,98607.0,99402.0
754,22,Text,control,16,101391.0,101997.0
755,22,Text,G,15,103770.0,105675.0
756,22,Text,G,10,108330.0,110145.0
757,22,Text,AG,7,111762.0,112542.0
758,22,Text,AG,14,114315.0,114915.0
759,22,Text,A,6,116721.0,117411.0
760,22,Text,G,1,119172.0,120207.0
761,22,Text,AG,12,121956.0,122670.0
762,22,Text,AG,2,124431.0,125007.0
763,22,Text,AG,13,126582.0,127317.0
764,22,Text,A,5,128961.0,129795.0
765,22,Text,A,8,131355.0,132102.0
766,22,Text,A,3,134055.0,134637.0
767,22,Text,AG,9,136521.0,137277.0
768,23,Video,control,16,50175.0,51369.0
769,23,Video,AG,9,55545.0,0.0
770,23,Video,AG,13,60591.0,62064.0
771,23,Video,AG,2,66180.0,0.0
772,23,Video,AG,4,71691.0,0.0
773,23,Video,AG,14,76704.0,0.0
774,23,Video,G,1,81546.0,0.0
775,23,Video,A,6,86970.0,0.0
776,23,Video,A,5,92055.0,0.0
777,23,Video,AG,7,97281.0,98919.0
778,23,Video,A,3,102984.0,104220.0
779,23,Video,A,8,107901.0,0.0
780,23,Video,G,10,113619.0,0.0
781,23,Video,AG,12,119271.0,120546.0
782,23,Video,A,11,124491.0,0.0
783,23,Video,G,15,129240.0,0.0
784,23,Video,G,10,134541.0,0.0
785,23,Video,AG,2,140034.0,0.0
786,23,Video,A,5,145326.0,0.0
787,23,Video,A,6,150834.0,0.0
788,23,Video,A,3,156174.0,0.0
789,23,Video,AG,9,161400.0,0.0
790,23,Video,AG,4,166566.0,0.0
791,23,Video,AG,14,171624.0,172599.0
792,23,Video,AG,7,176469.0,177756.0
793,23,Video,A,11,181809.0,0.0
794,23,Video,AG,12,187410.0,188991.0
795,23,Video,A,8,193005.0,0.0
796,23,Video,G,1,197829.0,0.0
797,23,Video,AG,13,203286.0,0.0
798,23,Video,control,16,207885.0,0.0
799,23,Video,G,15,213459.0,0.0
800,23,Text,G,10,45984.0,50262.0
801,23,Text,G,15,55314.0,57723.0
802,23,Text,A,11,59994.0,61032.0
803,23,Text,control,16,62757.0,63939.0
804,23,Text,AG,9,65772.0,67752.0
805,23,Text,AG,7,70137.0,70989.0
806,23,Text,AG,12,72897.0,73917.0
807,23,Text,A,8,75348.0,77022.0
808,23,Text,A,5,78708.0,81147.0
809,23,Text,AG,4,83136.0,83922.0
810,23,Text,AG,2,85527.0,86253.0
811,23,Text,AG,13,87693.0,88551.0
812,23,Text,AG,14,90477.0,91473.0
813,23,Text,A,3,93081.0,93726.0
814,23,Text,A,6,95682.0,97707.0
815,23,Text,G,1,99912.0,100701.0
816,23,Text,G,10,102648.0,103566.0
817,23,Text,A,6,105342.0,106881.0
818,23,Text,control,16,108198.0,109188.0
819,23,Text,G,1,112992.0,113418.0
820,23,Text,AG,12,116457.0,117387.0
821,23,Text,AG,4,118872.0,120072.0
822,23,Text,AG,9,121788.0,123321.0
823,23,Text,G,15,125307.0,126411.0
824,23,Text,A,5,128187.0,129036.0
825,23,Text,A,3,130728.0,131466.0
826,23,Text,AG,2,133761.0,134376.0
827,23,Text,A,8,136521.0,137478.0
828,23,Text,A,11,139443.0,140202.0
829,23,Text,AG,13,141921.0,142521.0
830,23,Text,AG,7,144492.0,145422.0
831,23,Text,AG,14,146847.0,147768.0
832,24,Video,AG,12,70569.0,72543.0
833,24,Video,A,5,75927.0,0.0
834,24,Video,A,8,81204.0,0.0
835,24,Video,AG,7,86562.0,0.0
836,24,Video,AG,4,92574.0,0.0
837,24,Video,AG,2,97533.0,98442.0
838,24,Video,AG,14,103239.0,104223.0
839,24,Video,G,10,107949.0,0.0
840,24,Video,A,3,113253.0,114354.0
841,24,Video,control,16,118347.0,0.0
842,24,Video,A,6,123564.0,124848.0
843,24,Video,G,15,128712.0,130428.0
844,24,Video,G,1,134313.0,135768.0
845,24,Video,A,11,139824.0,0.0
846,24,Video,AG,9,144879.0,0.0
847,24,Video,AG,13,149994.0,151077.0
848,24,Video,AG,12,155559.0,0.0
849,24,Video,AG,9,161289.0,161883.0
850,24,Video,A,3,166296.0,167067.0
851,24,Video,G,15,170934.0,0.0
852,24,Video,A,11,176223.0,176844.0
853,24,Video,AG,13,181167.0,0.0
854,24,Video,AG,14,185859.0,0.0
855,24,Video,G,1,190947.0,192369.0
856,24,Video,G,10,196332.0,0.0
857,24,Video,A,6,201516.0,202473.0
858,24,Video,A,5,206922.0,208323.0
859,24,Video,AG,7,212511.0,213933.0
860,24,Video,AG,2,217758.0,218871.0
861,24,Video,AG,4,223071.0,0.0
862,24,Video,control,16,227964.0,229242.0
863,24,Video,A,8,232779.0,233394.0
864,24,Text,AG,4,41181.0,43170.0
865,24,Text,control,16,45630.0,46449.0
866,24,Text,G,10,47925.0,49644.0
867,24,Text,AG,13,51105.0,51663.0
868,24,Text,AG,9,53079.0,53574.0
869,24,Text,AG,7,55029.0,55659.0
870,24,Text,AG,2,57243.0,57618.0
871,24,Text,A,3,59169.0,59583.0
872,24,Text,G,1,61290.0,61956.0
873,24,Text,A,6,63564.0,63948.0
874,24,Text,A,8,65445.0,65838.0
875,24,Text,A,5,67194.0,68028.0
876,24,Text,A,11,69795.0,71904.0
877,24,Text,AG,14,73950.0,74850.0
878,24,Text,AG,12,76770.0,77514.0
879,24,Text,G,15,78894.0,79776.0
880,24,Text,AG,9,81534.0,82035.0
881,24,Text,A,3,83424.0,83850.0
882,24,Text,AG,2,85545.0,85998.0
883,24,Text,G,15,87300.0,88479.0
884,24,Text,AG,12,90069.0,90558.0
885,24,Text,AG,4,92409.0,92994.0
886,24,Text,AG,13,94848.0,95484.0
887,24,Text,AG,7,97224.0,97704.0
888,24,Text,AG,14,99171.0,99699.0
889,24,Text,G,1,101370.0,101889.0
890,24,Text,A,8,103425.0,103929.0
891,24,Text,G,10,105708.0,106365.0
892,24,Text,A,6,107988.0,108720.0
893,24,Text,A,11,110511.0,110973.0
894,24,Text,control,16,112746.0,113226.0
895,24,Text,A,5,114963.0,115359.0
896,25,Video,AG,9,34167.0,35847.0
897,25,Video,control,16,39747.0,41283.0
898,25,Video,G,1,44991.0,0.0
899,25,Video,AG,2,50745.0,52575.0
900,25,Video,A,5,56721.0,58773.0
901,25,Video,A,6,62580.0,64008.0
902,25,Video,G,10,67590.0,69534.0
903,25,Video,AG,13,73011.0,74511.0
904,25,Video,AG,7,78426.0,0.0
905,25,Video,G,15,83841.0,0.0
906,25,Video,AG,4,89352.0,0.0
907,25,Video,A,8,94614.0,96351.0
908,25,Video,A,3,100152.0,0.0
909,25,Video,AG,14,105288.0,106788.0
910,25,Video,A,11,110262.0,111372.0
911,25,Video,AG,12,115404.0,117204.0
912,25,Video,AG,14,120918.0,122406.0
913,25,Video,A,8,125871.0,0.0
914,25,Video,G,1,130710.0,0.0
915,25,Video,A,3,136434.0,0.0
916,25,Video,AG,12,141447.0,143151.0
917,25,Video,AG,13,147459.0,0.0
918,25,Video,AG,2,152727.0,0.0
919,25,Video,AG,9,158025.0,159597.0
920,25,Video,A,5,162879.0,0.0
921,25,Video,control,16,168429.0,169788.0
922,25,Video,G,10,173346.0,0.0
923,25,Video,A,11,178818.0,0.0
924,25,Video,A,6,184179.0,0.0
925,25,Video,AG,4,189645.0,191043.0
926,25,Video,G,15,194916.0,0.0
927,25,Video,AG,7,200295.0,0.0
928,25,Text,G,15,42873.0,45486.0
929,25,Text,AG,9,48831.0,54372.0
930,25,Text,control,16,57525.0,58875.0
931,25,Text,AG,4,61035.0,63957.0
932,25,Text,AG,2,65682.0,66681.0
933,25,Text,AG,14,68382.0,69795.0
934,25,Text,G,1,74667.0,75921.0
935,25,Text,AG,13,77340.0,78051.0
936,25,Text,AG,7,79575.0,80805.0
937,25,Text,A,11,82266.0,83061.0
938,25,Text,A,6,84807.0,86082.0
939,25,Text,A,3,88245.0,88821.0
940,25,Text,A,5,90645.0,91476.0
941,25,Text,AG,12,93396.0,94866.0
942,25,Text,A,8,96825.0,97617.0
943,25,Text,G,10,98982.0,100662.0
944,25,Text,G,15,102750.0,103560.0
945,25,Text,AG,9,105486.0,106491.0
946,25,Text,A,6,108435.0,109872.0
947,25,Text,AG,13,111510.0,112140.0
948,25,Text,G,10,113640.0,114432.0
949,25,Text,AG,4,116385.0,117402.0
950,25,Text,AG,14,119301.0,120501.0
951,25,Text,A,3,121962.0,123072.0
952,25,Text,A,5,124977.0,126120.0
953,25,Text,AG,12,127857.0,128826.0
954,25,Text,A,8,130401.0,131922.0
955,25,Text,G,1,133656.0,134586.0
956,25,Text,AG,7,136686.0,138696.0
957,25,Text,control,16,140526.0,141465.0
958,25,Text,AG,2,143301.0,144786.0
959,25,Text,A,11,146406.0,147126.0
960,26,Video,A,11,52005.0,53787.0
961,26,Video,AG,14,57039.0,0.0
962,26,Video,AG,9,61479.0,0.0
963,26,Video,AG,2,67293.0,0.0
964,26,Video,AG,12,72546.0,74280.0
965,26,Video,G,1,78444.0,0.0
966,26,Video,A,8,83994.0,85923.0
967,26,Video,A,5,89595.0,90933.0
968,26,Video,control,16,94671.0,0.0
969,26,Video,G,15,99930.0,101850.0
970,26,Video,AG,7,105267.0,106995.0
971,26,Video,AG,13,111096.0,113130.0
972,26,Video,A,6,116505.0,0.0
973,26,Video,A,3,121362.0,0.0
974,26,Video,G,10,126411.0,0.0
975,26,Video,AG,4,132060.0,133206.0
976,26,Video,A,5,137229.0,0.0
977,26,Video,AG,13,143163.0,144291.0
978,26,Video,AG,2,148035.0,149373.0
979,26,Video,A,6,153639.0,154815.0
980,26,Video,AG,9,158598.0,159594.0
981,26,Video,G,15,163338.0,0.0
982,26,Video,AG,12,168615.0,170247.0
983,26,Video,G,1,174369.0,175785.0
984,26,Video,A,8,180111.0,0.0
985,26,Video,AG,7,185511.0,187029.0
986,26,Video,G,10,191121.0,191973.0
987,26,Video,A,3,196854.0,0.0
988,26,Video,control,16,201924.0,202953.0
989,26,Video,AG,14,207114.0,207930.0
990,26,Video,AG,4,212058.0,213108.0
991,26,Video,A,11,218253.0,219843.0
992,26,Text,AG,7,39768.0,41784.0
993,26,Text,control,16,44289.0,47217.0
994,26,Text,AG,14,49464.0,51063.0
995,26,Text,AG,4,53262.0,54774.0
996,26,Text,A,8,56613.0,57642.0
997,26,Text,G,10,59418.0,61707.0
998,26,Text,AG,13,63303.0,64572.0
999,26,Text,A,5,66483.0,67668.0
1000,26,Text,AG,12,71172.0,72222.0
1001,26,Text,G,1,73722.0,75192.0
1002,26,Text,G,15,76929.0,78063.0
1003,26,Text,AG,2,79947.0,80883.0
1004,26,Text,A,11,82587.0,83493.0
1005,26,Text,A,3,85248.0,86013.0
1006,26,Text,A,6,87684.0,88944.0
1007,26,Text,AG,9,90843.0,92292.0
1008,26,Text,G,1,94242.0,95349.0
1009,26,Text,AG,12,97449.0,98487.0
1010,26,Text,A,11,100794.0,101733.0
1011,26,Text,A,3,103359.0,105513.0
1012,26,Text,AG,9,108822.0,109749.0
1013,26,Text,AG,2,111639.0,112788.0
1014,26,Text,G,10,114573.0,115953.0
1015,26,Text,A,6,117606.0,118452.0
1016,26,Text,AG,13,121287.0,122223.0
1017,26,Text,A,5,123921.0,124911.0
1018,26,Text,AG,7,126543.0,127443.0
1019,26,Text,AG,4,129048.0,130278.0
1020,26,Text,G,15,132153.0,133332.0
1021,26,Text,AG,14,134706.0,135846.0
1022,26,Text,control,16,137436.0,138672.0
1023,26,Text,A,8,140283.0,141561.0
1024,27,Video,A,5,41856.0,43488.0
1025,27,Video,AG,13,47730.0,49485.0
1026,27,Video,A,3,53436.0,54690.0
1027,27,Video,AG,12,58524.0,59970.0
1028,27,Video,G,15,64029.0,65568.0
1029,27,Video,G,10,69504.0,70800.0
1030,27,Video,A,6,75180.0,75981.0
1031,27,Video,A,8,80433.0,81975.0
1032,27,Video,AG,7,85920.0,87213.0
1033,27,Video,AG,2,91239.0,91935.0
1034,27,Video,A,11,96915.0,97653.0
1035,27,Video,AG,9,103560.0,0.0
1036,27,Video,G,1,108570.0,109899.0
1037,27,Video,AG,4,114039.0,115299.0
1038,27,Video,AG,14,118878.0,120105.0
1039,27,Video,control,16,125568.0,127164.0
1040,27,Video,A,5,131004.0,132408.0
1041,27,Video,A,8,136308.0,137139.0
1042,27,Video,AG,7,141249.0,142173.0
1043,27,Video,AG,13,146574.0,147273.0
1044,27,Video,A,6,151368.0,152163.0
1045,27,Video,G,1,156390.0,158154.0
1046,27,Video,AG,4,161574.0,162705.0
1047,27,Video,control,16,166482.0,167502.0
1048,27,Video,AG,2,171465.0,172179.0
1049,27,Video,A,3,176979.0,177483.0
1050,27,Video,G,10,181899.0,183003.0
1051,27,Video,AG,9,187515.0,188580.0
1052,27,Video,G,15,192738.0,194253.0
1053,27,Video,AG,12,198579.0,199695.0
1054,27,Video,A,11,204027.0,204678.0
1055,27,Video,AG,14,209349.0,210060.0
1056,27,Text,A,3,40764.0,41679.0
1057,27,Text,A,6,43857.0,44613.0
1058,27,Text,AG,4,46803.0,47583.0
1059,27,Text,control,16,49878.0,50619.0
1060,27,Text,AG,9,52233.0,52857.0
1061,27,Text,G,1,54432.0,55017.0
1062,27,Text,G,10,56982.0,57888.0
1063,27,Text,AG,13,59727.0,60453.0
1064,27,Text,A,8,61872.0,62757.0
1065,27,Text,AG,7,64293.0,64947.0
1066,27,Text,A,5,66927.0,67599.0
1067,27,Text,G,15,69102.0,70137.0
1068,27,Text,AG,2,71994.0,72693.0
1069,27,Text,AG,14,74409.0,74889.0
1070,27,Text,A,11,76644.0,77343.0
1071,27,Text,AG,12,79134.0,79584.0
1072,27,Text,G,15,81024.0,81768.0
1073,27,Text,G,10,83538.0,84033.0
1074,27,Text,AG,4,86037.0,87033.0
1075,27,Text,AG,9,88494.0,89469.0
1076,27,Text,A,3,91338.0,91878.0
1077,27,Text,G,1,93747.0,94353.0
1078,27,Text,A,8,96003.0,96807.0
1079,27,Text,AG,2,98274.0,98868.0
1080,27,Text,AG,13,100599.0,101118.0
1081,27,Text,AG,12,102804.0,103233.0
1082,27,Text,AG,14,105093.0,105399.0
1083,27,Text,A,5,107238.0,107742.0
1084,27,Text,A,11,109443.0,110262.0
1085,27,Text,A,6,111669.0,112107.0
1086,27,Text,AG,7,113877.0,114294.0
1087,27,Text,control,16,116142.0,116604.0
1088,28,Video,A,8,43611.0,45087.0
1089,28,Video,AG,4,49110.0,49977.0
1090,28,Video,AG,7,53856.0,0.0
1091,28,Video,AG,12,59691.0,60963.0
1092,28,Video,A,11,65502.0,66147.0
1093,28,Video,A,5,70470.0,0.0
1094,28,Video,AG,2,75918.0,76701.0
1095,28,Video,control,16,81087.0,81537.0
1096,28,Video,AG,13,86361.0,86925.0
1097,28,Video,A,6,91563.0,92106.0
1098,28,Video,AG,14,96816.0,97176.0
1099,28,Video,G,1,102000.0,103506.0
1100,28,Video,G,10,107766.0,0.0
1101,28,Video,A,3,113397.0,0.0
1102,28,Video,AG,9,118437.0,119436.0
1103,28,Video,G,15,123642.0,0.0
1104,28,Video,AG,14,129087.0,129972.0
1105,28,Video,AG,2,133962.0,135327.0
1106,28,Video,AG,9,139668.0,140331.0
1107,28,Video,A,3,144846.0,145437.0
1108,28,Video,A,8,149841.0,0.0
1109,28,Video,A,11,154950.0,155781.0
1110,28,Video,AG,4,159807.0,161055.0
1111,28,Video,AG,12,164796.0,165861.0
1112,28,Video,G,15,171450.0,0.0
1113,28,Video,AG,13,176655.0,0.0
1114,28,Video,control,16,181710.0,182652.0
1115,28,Video,G,1,186966.0,0.0
1116,28,Video,A,6,192669.0,193155.0
1117,28,Video,AG,7,197691.0,198186.0
1118,28,Video,A,5,203331.0,203730.0
1119,28,Video,G,10,208866.0,209805.0
1120,28,Text,AG,7,31692.0,35103.0
1121,28,Text,AG,14,40236.0,43119.0
1122,28,Text,A,3,49152.0,50403.0
1123,28,Text,G,1,52197.0,54981.0
1124,28,Text,A,8,56997.0,60267.0
1125,28,Text,AG,2,63801.0,64608.0
1126,28,Text,AG,9,66372.0,69417.0
1127,28,Text,AG,12,71817.0,72762.0
1128,28,Text,A,6,77202.0,77907.0
1129,28,Text,control,16,79581.0,81108.0
1130,28,Text,AG,13,83022.0,83868.0
1131,28,Text,G,10,90378.0,91767.0
1132,28,Text,AG,4,93462.0,94626.0
1133,28,Text,A,5,96267.0,97587.0
1134,28,Text,G,15,99522.0,100881.0
1135,28,Text,A,11,102501.0,103278.0
1136,28,Text,AG,4,105543.0,106746.0
1137,28,Text,A,11,108732.0,110103.0
1138,28,Text,AG,12,112278.0,113313.0
1139,28,Text,G,15,115563.0,117006.0
1140,28,Text,control,16,118713.0,119682.0
1141,28,Text,A,5,122742.0,123696.0
1142,28,Text,A,3,126048.0,126711.0
1143,28,Text,AG,14,128223.0,129048.0
1144,28,Text,AG,9,130701.0,132066.0
1145,28,Text,AG,2,134862.0,135687.0
1146,28,Text,G,1,137301.0,138258.0
1147,28,Text,A,8,140757.0,143532.0
1148,28,Text,A,6,145602.0,146403.0
1149,28,Text,AG,13,149331.0,150417.0
1150,28,Text,G,10,152292.0,152997.0
1151,28,Text,AG,7,155256.0,156282.0
1152,29,Video,control,16,41181.0,42306.0
1153,29,Video,A,3,46641.0,0.0
1154,29,Video,A,6,51960.0,52689.0
1155,29,Video,A,5,57276.0,58161.0
1156,29,Video,G,1,62685.0,0.0
1157,29,Video,AG,12,68370.0,70206.0
1158,29,Video,AG,13,73776.0,0.0
1159,29,Video,A,11,78984.0,80616.0
1160,29,Video,AG,9,84315.0,85305.0
1161,29,Video,AG,2,89439.0,91320.0
1162,29,Video,AG,14,95484.0,96699.0
1163,29,Video,A,8,100779.0,101940.0
1164,29,Video,G,15,106251.0,107280.0
1165,29,Video,AG,7,112194.0,114150.0
1166,29,Video,G,10,118311.0,119259.0
1167,29,Video,AG,4,124176.0,125466.0
1168,29,Video,G,15,129405.0,130740.0
1169,29,Video,G,1,135081.0,0.0
1170,29,Video,control,16,140943.0,142086.0
1171,29,Video,AG,14,146151.0,147414.0
1172,29,Video,A,6,151635.0,152745.0
1173,29,Video,A,5,157221.0,158811.0
1174,29,Video,G,10,163179.0,163998.0
1175,29,Video,AG,2,168633.0,169899.0
1176,29,Video,AG,4,174234.0,176295.0
1177,29,Video,AG,13,179298.0,0.0
1178,29,Video,A,3,184515.0,185025.0
1179,29,Video,A,8,189819.0,190545.0
1180,29,Video,A,11,194889.0,195405.0
1181,29,Video,AG,9,199803.0,200730.0
1182,29,Video,AG,12,205059.0,206520.0
1183,29,Video,AG,7,210903.0,211518.0
1184,29,Text,G,10,38598.0,40545.0
1185,29,Text,control,16,43584.0,45834.0
1186,29,Text,A,11,50655.0,55590.0
1187,29,Text,AG,4,60240.0,65988.0
1188,29,Text,AG,9,71559.0,73359.0
1189,29,Text,AG,7,75279.0,77055.0
1190,29,Text,A,5,79380.0,82245.0
1191,29,Text,A,8,85608.0,86943.0
1192,29,Text,AG,13,88653.0,93339.0
1193,29,Text,A,6,95085.0,96408.0
1194,29,Text,AG,14,101913.0,104514.0
1195,29,Text,AG,12,108288.0,110022.0
1196,29,Text,G,1,112722.0,115008.0
1197,29,Text,A,3,117183.0,118938.0
1198,29,Text,G,15,120999.0,123219.0
1199,29,Text,AG,2,125787.0,127587.0
1200,29,Text,A,8,129918.0,131757.0
1201,29,Text,A,11,134277.0,135729.0
1202,29,Text,AG,9,137808.0,139419.0
1203,29,Text,G,10,141654.0,141849.0
1204,29,Text,AG,7,145062.0,146067.0
1205,29,Text,G,15,148932.0,150252.0
1206,29,Text,AG,13,152199.0,154572.0
1207,29,Text,A,3,158742.0,161073.0
1208,29,Text,AG,12,163644.0,164439.0
1209,29,Text,control,16,166587.0,168399.0
1210,29,Text,AG,4,170868.0,172347.0
1211,29,Text,AG,2,174354.0,176187.0
1212,29,Text,A,6,178392.0,180159.0
1213,29,Text,G,1,182772.0,183873.0
1214,29,Text,A,5,186399.0,187614.0
1215,29,Text,AG,14,189333.0,190254.0
1216,30,Video,G,10,42597.0,44172.0
1217,30,Video,AG,2,48408.0,50508.0
1218,30,Video,A,5,54471.0,56127.0
1219,30,Video,A,6,60018.0,61536.0
1220,30,Video,AG,7,65166.0,67002.0
1221,30,Video,A,8,70788.0,72630.0
1222,30,Video,G,15,76155.0,77835.0
1223,30,Video,AG,9,81780.0,83190.0
1224,30,Video,control,16,86817.0,88341.0
1225,30,Video,G,1,91845.0,93360.0
1226,30,Video,A,11,97482.0,98862.0
1227,30,Video,AG,14,102786.0,104061.0
1228,30,Video,A,3,107817.0,109050.0
1229,30,Video,AG,4,112875.0,114171.0
1230,30,Video,AG,12,118092.0,119865.0
1231,30,Video,AG,13,123396.0,125091.0
1232,30,Video,A,11,128667.0,130176.0
1233,30,Video,A,6,133596.0,134496.0
1234,30,Video,A,3,138705.0,139611.0
1235,30,Video,AG,7,143586.0,145137.0
1236,30,Video,A,5,149406.0,150822.0
1237,30,Video,G,15,155010.0,156366.0
1238,30,Video,control,16,160590.0,161991.0
1239,30,Video,AG,12,165960.0,167325.0
1240,30,Video,G,1,171267.0,172815.0
1241,30,Video,AG,14,176496.0,177231.0
1242,30,Video,AG,9,181245.0,181965.0
1243,30,Video,A,8,186567.0,187437.0
1244,30,Video,AG,13,191346.0,192081.0
1245,30,Video,AG,4,196395.0,197505.0
1246,30,Video,AG,2,201270.0,202395.0
1247,30,Video,G,10,206910.0,207582.0
1248,30,Text,A,6,40011.0,45891.0
1249,30,Text,A,3,49281.0,51714.0
1250,30,Text,AG,13,54381.0,57525.0
1251,30,Text,A,8,60816.0,63135.0
1252,30,Text,AG,14,65139.0,66396.0
1253,30,Text,G,10,69735.0,71385.0
1254,30,Text,G,15,73680.0,75846.0
1255,30,Text,AG,12,79560.0,83595.0
1256,30,Text,AG,7,86151.0,89445.0
1257,30,Text,AG,2,91356.0,93054.0
1258,30,Text,G,1,96030.0,97761.0
1259,30,Text,A,5,100221.0,103701.0
1260,30,Text,control,16,106020.0,107901.0
1261,30,Text,AG,9,111486.0,112374.0
1262,30,Text,A,11,114030.0,115599.0
1263,30,Text,AG,4,117486.0,119256.0
1264,30,Text,A,3,122685.0,124350.0
1265,30,Text,AG,12,126444.0,127179.0
1266,30,Text,A,8,129150.0,130704.0
1267,30,Text,A,11,132696.0,137244.0
1268,30,Text,AG,4,139140.0,140940.0
1269,30,Text,G,15,142671.0,144624.0
1270,30,Text,AG,9,146406.0,147006.0
1271,30,Text,A,6,148710.0,149964.0
1272,30,Text,control,16,153366.0,156750.0
1273,30,Text,G,10,158640.0,159471.0
1274,30,Text,A,5,161151.0,161721.0
1275,30,Text,AG,14,163626.0,164241.0
1276,30,Text,AG,7,165846.0,166914.0
1277,30,Text,AG,2,168918.0,170208.0
1278,30,Text,AG,13,172794.0,175128.0
1279,30,Text,G,1,177138.0,177948.0
1280,31,Video,AG,4,45084.0,46542.0
1281,31,Video,AG,7,50523.0,52164.0
1282,31,Video,AG,9,59544.0,61572.0
1283,31,Video,AG,12,64947.0,66588.0
1284,31,Video,A,5,71022.0,72483.0
1285,31,Video,control,16,76947.0,78213.0
1286,31,Video,A,6,82536.0,83631.0
1287,31,Video,G,1,88212.0,90243.0
1288,31,Video,AG,2,94041.0,95427.0
1289,31,Video,G,10,99933.0,100716.0
1290,31,Video,AG,13,105687.0,107616.0
1291,31,Video,A,11,111471.0,0.0
1292,31,Video,G,15,117213.0,118968.0
1293,31,Video,A,8,123093.0,0.0
1294,31,Video,A,3,128718.0,0.0
1295,31,Video,AG,14,133821.0,134811.0
1296,31,Video,AG,14,139086.0,140301.0
1297,31,Video,control,16,144726.0,145911.0
1298,31,Video,A,6,149856.0,150918.0
1299,31,Video,AG,4,155523.0,0.0
1300,31,Video,A,5,160917.0,162543.0
1301,31,Video,AG,7,166758.0,0.0
1302,31,Video,G,10,172971.0,174033.0
1303,31,Video,G,1,179043.0,181206.0
1304,31,Video,A,11,184488.0,185712.0
1305,31,Video,A,8,190092.0,191493.0
1306,31,Video,A,3,195567.0,196458.0
1307,31,Video,G,15,201021.0,0.0
1308,31,Video,AG,13,207111.0,208017.0
1309,31,Video,AG,9,212481.0,213711.0
1310,31,Video,AG,2,217848.0,219108.0
1311,31,Video,AG,12,223176.0,0.0
1312,31,Text,G,10,45852.0,48978.0
1313,31,Text,AG,2,51441.0,53196.0
1314,31,Text,A,11,55953.0,56868.0
1315,31,Text,AG,7,59661.0,61026.0
1316,31,Text,control,16,63003.0,64566.0
1317,31,Text,AG,12,69228.0,70173.0
1318,31,Text,A,5,73353.0,74502.0
1319,31,Text,AG,9,76218.0,77043.0
1320,31,Text,AG,13,78771.0,80346.0
1321,31,Text,A,6,82098.0,82872.0
1322,31,Text,A,3,84828.0,86172.0
1323,31,Text,AG,4,88206.0,88986.0
1324,31,Text,A,8,90783.0,91602.0
1325,31,Text,G,15,93636.0,95388.0
1326,31,Text,AG,14,97416.0,98157.0
1327,31,Text,G,1,100011.0,102657.0
1328,31,Text,AG,9,105798.0,107856.0
1329,31,Text,G,1,109878.0,111972.0
1330,31,Text,AG,14,113781.0,114642.0
1331,31,Text,AG,13,116751.0,117360.0
1332,31,Text,control,16,119601.0,120312.0
1333,31,Text,A,8,122103.0,123411.0
1334,31,Text,AG,4,126273.0,128262.0
1335,31,Text,G,10,129936.0,130821.0
1336,31,Text,A,5,132843.0,133512.0
1337,31,Text,G,15,135453.0,137328.0
1338,31,Text,A,11,139086.0,140127.0
1339,31,Text,A,6,142026.0,142767.0
1340,31,Text,AG,12,144798.0,145641.0
1341,31,Text,AG,7,147237.0,148062.0
1342,31,Text,AG,2,149913.0,151131.0
1343,31,Text,A,3,153183.0,153948.0
1344,32,Video,AG,4,42897.0,44400.0
1345,32,Video,AG,12,48262.0,50100.0
1346,32,Video,AG,9,53754.0,0.0
1347,32,Video,A,11,59047.0,60900.0
1348,32,Video,A,3,64247.0,0.0
1349,32,Video,AG,14,69132.0,70800.0
1350,32,Video,A,6,74397.0,75900.0
1351,32,Video,A,5,79972.0,81900.0
1352,32,Video,A,8,85702.0,87600.0
1353,32,Video,AG,2,91202.0,0.0
1354,32,Video,control,16,96767.0,0.0
1355,32,Video,AG,7,101747.0,0.0
1356,32,Video,G,1,107247.0,0.0
1357,32,Video,AG,13,112722.0,0.0
1358,32,Video,G,10,118431.0,120300.0
1359,32,Video,G,15,123811.0,125700.0
1360,32,Video,AG,9,129443.0,0.0
1361,32,Video,A,11,134391.0,0.0
1362,32,Video,AG,14,139451.0,0.0
1363,32,Video,A,8,144436.0,145500.0
1364,32,Video,AG,12,149311.0,151800.0
1365,32,Video,AG,4,154938.0,0.0
1366,32,Video,AG,7,160046.0,0.0
1367,32,Video,A,5,165827.0,167400.0
1368,32,Video,G,15,171626.0,173700.0
1369,32,Video,AG,13,177446.0,0.0
1370,32,Video,A,3,182702.0,184200.0
1371,32,Video,A,6,187751.0,189000.0
1372,32,Video,G,10,192791.0,0.0
1373,32,Video,G,1,198347.0,200100.0
1374,32,Video,control,16,203756.0,0.0
1375,32,Video,AG,2,208872.0,0.0
1376,32,Text,AG,12,43720.0,46790.0
1377,32,Text,AG,9,48935.0,50210.0
1378,32,Text,A,8,52360.0,55420.0
1379,32,Text,G,15,57485.0,58455.0
1380,32,Text,AG,7,60165.0,61965.0
1381,32,Text,A,11,63590.0,64730.0
1382,32,Text,G,1,66480.0,67445.0
1383,32,Text,AG,13,69230.0,70644.0
1384,32,Text,A,5,72255.0,73865.0
1385,32,Text,control,16,75845.0,77220.0
1386,32,Text,A,6,79015.0,80780.0
1387,32,Text,A,3,82441.0,83520.0
1388,32,Text,AG,4,85140.0,86415.0
1389,32,Text,AG,14,88805.0,89794.0
1390,32,Text,G,10,91605.0,93149.0
1391,32,Text,AG,2,95175.0,96024.0
1392,32,Text,AG,9,100185.0,100874.0
1393,32,Text,G,1,102710.0,103789.0
1394,32,Text,AG,4,106385.0,107304.0
1395,32,Text,AG,12,108985.0,110404.0
1396,32,Text,A,11,112040.0,113464.0
1397,32,Text,AG,14,115000.0,115904.0
1398,32,Text,A,6,122925.0,123734.0
1399,32,Text,AG,2,125610.0,127639.0
1400,32,Text,G,15,130645.0,132029.0
1401,32,Text,G,10,134210.0,135754.0
1402,32,Text,AG,13,137375.0,138434.0
1403,32,Text,A,3,140415.0,141279.0
1404,32,Text,A,5,143350.0,146494.0
1405,32,Text,AG,7,148325.0,149244.0
1406,32,Text,control,16,151120.0,151719.0
1407,32,Text,A,8,153825.0,155464.0
1408,9,Video,A,5,46830.0,48528.0
1409,9,Video,G,15,52413.0,0.0
1410,9,Video,AG,2,58785.0,59793.0
1411,9,Video,A,3,64389.0,65898.0
1412,9,Video,G,1,69699.0,71418.0
1413,9,Video,AG,9,75390.0,76395.0
1414,9,Video,control,16,81105.0,82164.0
1415,9,Video,A,11,86514.0,87555.0
1416,9,Video,AG,13,91530.0,93123.0
1417,9,Video,A,8,97209.0,98820.0
1418,9,Video,AG,14,102918.0,103839.0
1419,9,Video,AG,12,108483.0,0.0
1420,9,Video,AG,7,114228.0,115125.0
1421,9,Video,AG,4,120150.0,121533.0
1422,9,Video,A,6,125205.0,126738.0
1423,9,Video,G,10,130239.0,130824.0
1424,9,Video,AG,12,136257.0,137193.0
1425,9,Video,AG,14,141930.0,0.0
1426,9,Video,AG,13,146973.0,147462.0
1427,9,Video,A,5,153333.0,154782.0
1428,9,Video,AG,2,159198.0,160602.0
1429,9,Video,A,11,164604.0,165273.0
1430,9,Video,A,6,169797.0,171192.0
1431,9,Video,AG,9,174849.0,175599.0
1432,9,Video,G,1,181413.0,182487.0
1433,9,Video,AG,4,187188.0,0.0
1434,9,Video,G,15,192114.0,0.0
1435,9,Video,AG,7,198234.0,0.0
1436,9,Video,A,8,205668.0,206562.0
1437,9,Video,G,10,210753.0,211629.0
1438,9,Video,A,3,216978.0,217599.0
1439,9,Video,control,16,222102.0,223617.0
1440,9,Text,A,6,49473.0,51228.0
1441,9,Text,AG,2,53238.0,54828.0
1442,9,Text,G,10,56424.0,57684.0
1443,9,Text,A,11,59478.0,60639.0
1444,9,Text,AG,4,62427.0,63699.0
1445,9,Text,AG,12,65469.0,66378.0
1446,9,Text,AG,13,68139.0,69318.0
1447,9,Text,G,15,71424.0,72102.0
1448,9,Text,AG,7,86337.0,87537.0
1449,9,Text,AG,14,89223.0,90246.0
1450,9,Text,A,3,92289.0,95343.0
1451,9,Text,A,8,102162.0,104823.0
1452,9,Text,AG,9,106767.0,107592.0
1453,9,Text,G,1,109512.0,110511.0
1454,9,Text,control,16,112302.0,112956.0
1455,9,Text,A,5,114858.0,115953.0
1456,9,Text,AG,2,117828.0,119547.0
1457,9,Text,AG,4,121389.0,122691.0
1458,9,Text,A,11,124566.0,127302.0
1459,9,Text,A,5,128967.0,130473.0
1460,9,Text,G,10,132462.0,133752.0
1461,9,Text,A,3,135618.0,136866.0
1462,9,Text,AG,13,138987.0,144156.0
1463,9,Text,AG,12,145917.0,146538.0
1464,9,Text,AG,7,148416.0,149118.0
1465,9,Text,A,6,151002.0,152082.0
1466,9,Text,A,8,153723.0,154668.0
1467,9,Text,control,16,156513.0,160473.0
1468,9,Text,G,1,162981.0,164817.0
1469,9,Text,AG,9,167988.0,168711.0
1470,9,Text,AG,14,170436.0,171786.0
1471,9,Text,G,15,173463.0,178008.0
1472,33,Video,AG,9,37593.0,39102.0
1473,33,Video,G,15,42972.0,44748.0
1474,33,Video,A,6,48387.0,49818.0
1475,33,Video,A,3,53487.0,54777.0
1476,33,Video,AG,12,58392.0,60231.0
1477,33,Video,AG,13,63981.0,65856.0
1478,33,Video,G,1,69822.0,72006.0
1479,33,Video,AG,14,75768.0,76773.0
1480,33,Video,control,16,80922.0,82062.0
1481,33,Video,G,10,86346.0,87771.0
1482,33,Video,AG,4,92001.0,93432.0
1483,33,Video,A,11,97131.0,98436.0
1484,33,Video,A,8,102501.0,104292.0
1485,33,Video,A,5,107988.0,109713.0
1486,33,Video,AG,2,113487.0,115182.0
1487,33,Video,AG,7,119487.0,121125.0
1488,33,Video,AG,14,125271.0,126537.0
1489,33,Video,AG,9,130626.0,132066.0
1490,33,Video,A,11,135546.0,137100.0
1491,33,Video,AG,12,140766.0,142581.0
1492,33,Video,A,5,146622.0,148590.0
1493,33,Video,G,1,152562.0,154596.0
1494,33,Video,G,10,158601.0,160302.0
1495,33,Video,A,6,164187.0,165582.0
1496,33,Video,AG,4,169485.0,170892.0
1497,33,Video,control,16,174825.0,176097.0
1498,33,Video,AG,13,179873.0,181197.0
1499,33,Video,A,8,185337.0,186897.0
1500,33,Video,AG,2,190764.0,192897.0
1501,33,Video,A,3,196860.0,198156.0
1502,33,Video,G,15,202182.0,203952.0
1503,33,Video,AG,7,207681.0,209010.0
1504,33,Text,A,6,61602.0,63201.0
1505,33,Text,AG,14,65667.0,67227.0
1506,33,Text,A,8,69141.0,70785.0
1507,33,Text,A,3,74736.0,75576.0
1508,33,Text,AG,13,77907.0,78891.0
1509,33,Text,control,16,80847.0,81870.0
1510,33,Text,A,5,84201.0,85392.0
1511,33,Text,G,15,88170.0,89052.0
1512,33,Text,AG,4,91485.0,92277.0
1513,33,Text,AG,12,94407.0,95685.0
1514,33,Text,G,1,97782.0,98982.0
1515,33,Text,AG,9,101055.0,102195.0
1516,33,Text,AG,7,104502.0,105621.0
1517,33,Text,AG,2,107466.0,108126.0
1518,33,Text,G,10,116055.0,117735.0
1519,33,Text,A,11,119331.0,120057.0
1520,33,Text,G,1,121785.0,123051.0
1521,33,Text,AG,2,124746.0,125715.0
1522,33,Text,A,6,127650.0,128781.0
1523,33,Text,AG,13,130950.0,131685.0
1524,33,Text,A,11,133272.0,134157.0
1525,33,Text,AG,14,136056.0,136992.0
1526,33,Text,control,16,138432.0,139185.0
1527,33,Text,AG,4,141027.0,142086.0
1528,33,Text,AG,12,143736.0,145191.0
1529,33,Text,A,5,147141.0,149646.0
1530,33,Text,AG,9,151740.0,152691.0
1531,33,Text,G,10,154530.0,155466.0
1532,33,Text,AG,7,159171.0,160530.0
1533,33,Text,A,3,162612.0,163671.0
1534,33,Text,A,8,165570.0,166647.0
1535,33,Text,G,15,168342.0,169440.0
1536,34,Video,AG,14,49773.0,50223.0
1537,34,Video,A,11,54843.0,55437.0
1538,34,Video,AG,13,60078.0,60972.0
1539,34,Video,AG,2,65952.0,66792.0
1540,34,Video,A,3,71868.0,72642.0
1541,34,Video,G,1,77256.0,78612.0
1542,34,Video,A,6,82746.0,83286.0
1543,34,Video,G,15,87891.0,88848.0
1544,34,Video,control,16,93372.0,94767.0
1545,34,Video,G,10,98616.0,99321.0
1546,34,Video,A,8,104178.0,105423.0
1547,34,Video,A,5,109647.0,110661.0
1548,34,Video,AG,12,115056.0,116583.0
1549,34,Video,AG,7,120591.0,121686.0
1550,34,Video,AG,9,126108.0,127122.0
1551,34,Video,AG,4,131346.0,132372.0
1552,34,Video,G,15,136332.0,137418.0
1553,34,Video,A,3,141981.0,142716.0
1554,34,Video,G,1,147351.0,148602.0
1555,34,Video,AG,7,153315.0,154362.0
1556,34,Video,AG,4,159192.0,160446.0
1557,34,Video,A,6,164475.0,165111.0
1558,34,Video,A,5,169692.0,171021.0
1559,34,Video,AG,9,175230.0,175956.0
1560,34,Video,AG,2,180450.0,181302.0
1561,34,Video,AG,14,186297.0,187320.0
1562,34,Video,A,11,191310.0,192345.0
1563,34,Video,AG,13,196761.0,197721.0
1564,34,Video,A,8,202056.0,203040.0
1565,34,Video,AG,12,207111.0,208710.0
1566,34,Video,G,10,212631.0,213612.0
1567,34,Video,control,16,218421.0,219687.0
1568,34,Text,AG,14,54669.0,58077.0
1569,34,Text,A,6,64152.0,67302.0
1570,34,Text,A,8,70527.0,72843.0
1571,34,Text,A,3,76092.0,80178.0
1572,34,Text,A,5,83553.0,85899.0
1573,34,Text,A,11,91788.0,98169.0
1574,34,Text,AG,9,100977.0,102873.0
1575,34,Text,AG,13,105093.0,107433.0
1576,34,Text,AG,7,110799.0,111762.0
1577,34,Text,G,10,114132.0,117069.0
1578,34,Text,G,15,119523.0,121077.0
1579,34,Text,AG,4,127077.0,131349.0
1580,34,Text,AG,12,133332.0,135687.0
1581,34,Text,control,16,138279.0,139887.0
1582,34,Text,G,1,142062.0,143307.0
1583,34,Text,AG,2,145308.0,146742.0
1584,34,Text,AG,9,149097.0,152124.0
1585,34,Text,A,11,154818.0,155679.0
1586,34,Text,control,16,159168.0,160704.0
1587,34,Text,AG,7,162723.0,163764.0
1588,34,Text,A,6,166728.0,168369.0
1589,34,Text,AG,12,171039.0,172104.0
1590,34,Text,G,15,174912.0,175632.0
1591,34,Text,AG,14,178938.0,181377.0
1592,34,Text,AG,13,183693.0,184572.0
1593,34,Text,A,8,186939.0,188247.0
1594,34,Text,G,10,191271.0,193656.0
1595,34,Text,A,5,195831.0,196656.0
1596,34,Text,A,3,199272.0,200961.0
1597,34,Text,AG,2,203421.0,204717.0
1598,34,Text,G,1,207606.0,210066.0
1599,34,Text,AG,4,212211.0,213582.0
1600,35,Video,AG,12,43416.0,0.0
1601,35,Video,AG,7,61590.0,62886.0
1602,35,Video,AG,9,66996.0,68319.0
1603,35,Video,AG,4,72300.0,73956.0
1604,35,Video,A,3,77325.0,78285.0
1605,35,Video,AG,14,82515.0,83289.0
1606,35,Video,A,8,87309.0,89049.0
1607,35,Video,control,16,92841.0,94104.0
1608,35,Video,G,10,97725.0,99738.0
1609,35,Video,G,15,103029.0,104970.0
1610,35,Video,A,11,108180.0,108840.0
1611,35,Video,G,1,113199.0,115320.0
1612,35,Video,A,5,118758.0,119448.0
1613,35,Video,A,6,124044.0,125034.0
1614,35,Video,AG,2,129495.0,129945.0
1615,35,Video,AG,13,135000.0,136125.0
1616,35,Video,AG,4,140553.0,142053.0
1617,35,Video,AG,7,145479.0,146493.0
1618,35,Video,AG,12,151209.0,153393.0
1619,35,Video,AG,2,157065.0,158133.0
1620,35,Video,control,16,162474.0,163215.0
1621,35,Video,A,8,167409.0,168363.0
1622,35,Video,A,11,172614.0,173205.0
1623,35,Video,G,1,177939.0,180048.0
1624,35,Video,AG,14,183684.0,184338.0
1625,35,Video,AG,13,188493.0,189459.0
1626,35,Video,G,10,193590.0,194340.0
1627,35,Video,A,6,198858.0,199665.0
1628,35,Video,A,3,203760.0,204228.0
1629,35,Video,G,15,208488.0,210099.0
1630,35,Video,A,5,213864.0,215058.0
1631,35,Video,AG,9,218850.0,219693.0
1632,35,Text,AG,13,39723.0,43674.0
1633,35,Text,A,11,45903.0,48339.0
1634,35,Text,AG,2,50625.0,52413.0
1635,35,Text,A,5,54444.0,60258.0
1636,35,Text,A,6,62469.0,63648.0
1637,35,Text,AG,14,65679.0,66888.0
1638,35,Text,AG,9,71190.0,72225.0
1639,35,Text,A,8,74325.0,77043.0
1640,35,Text,A,3,79140.0,80028.0
1641,35,Text,AG,7,81633.0,83694.0
1642,35,Text,G,10,85464.0,86373.0
1643,35,Text,AG,12,87873.0,88734.0
1644,35,Text,control,16,90360.0,91479.0
1645,35,Text,G,1,93228.0,95700.0
1646,35,Text,AG,4,97569.0,98544.0
1647,35,Text,G,15,99990.0,102180.0
1648,35,Text,AG,4,105684.0,107274.0
1649,35,Text,AG,13,108828.0,110055.0
1650,35,Text,control,16,111843.0,113919.0
1651,35,Text,A,5,115440.0,116388.0
1652,35,Text,AG,2,118329.0,119205.0
1653,35,Text,AG,7,120954.0,121830.0
1654,35,Text,A,8,123423.0,124749.0
1655,35,Text,G,10,127455.0,128859.0
1656,35,Text,AG,12,130938.0,131754.0
1657,35,Text,AG,9,133353.0,137655.0
1658,35,Text,G,15,139863.0,143175.0
1659,35,Text,A,11,145710.0,146364.0
1660,35,Text,A,3,147963.0,148875.0
1661,35,Text,A,6,150198.0,151344.0
1662,35,Text,AG,14,153123.0,154530.0
1663,35,Text,G,1,156438.0,157770.0
1664,36,Video,AG,7,68172.0,0.0
1665,36,Video,control,16,73932.0,74730.0
1666,36,Video,A,6,78807.0,80907.0
1667,36,Video,AG,14,83676.0,85215.0
1668,36,Video,AG,12,89001.0,0.0
1669,36,Video,G,10,94506.0,96642.0
1670,36,Video,A,11,99891.0,0.0
1671,36,Video,AG,13,104850.0,0.0
1672,36,Video,A,5,110241.0,112311.0
1673,36,Video,AG,4,115326.0,117021.0
1674,36,Video,A,3,120291.0,121911.0
1675,36,Video,G,1,125511.0,0.0
1676,36,Video,AG,9,131286.0,132957.0
1677,36,Video,G,15,136530.0,138456.0
1678,36,Video,AG,2,141840.0,0.0
1679,36,Video,A,8,147042.0,149592.0
1680,36,Video,A,11,152832.0,0.0
1681,36,Video,A,6,158112.0,160380.0
1682,36,Video,A,3,163686.0,165336.0
1683,36,Video,AG,4,168747.0,170355.0
1684,36,Video,AG,13,173736.0,175731.0
1685,36,Video,AG,12,179127.0,181341.0
1686,36,Video,G,15,184719.0,0.0
1687,36,Video,AG,2,189999.0,0.0
1688,36,Video,AG,14,195699.0,197400.0
1689,36,Video,A,8,200829.0,202485.0
1690,36,Video,control,16,205656.0,207489.0
1691,36,Video,A,5,210861.0,213084.0
1692,36,Video,AG,9,216480.0,218199.0
1693,36,Video,AG,7,221895.0,224649.0
1694,36,Video,G,10,227694.0,229830.0
1695,36,Video,G,1,233535.0,235779.0
1696,36,Text,A,3,49677.0,50252.0
1697,36,Text,AG,13,52881.0,53612.0
1698,36,Text,A,8,55251.0,55912.0
1699,36,Text,AG,12,58272.0,59697.0
1700,36,Text,AG,4,61812.0,63098.0
1701,36,Text,AG,14,66081.0,67293.0
1702,36,Text,A,6,69297.0,70658.0
1703,36,Text,AG,2,72687.0,73698.0
1704,36,Text,G,10,75306.0,78033.0
1705,36,Text,AG,7,80196.0,81183.0
1706,36,Text,A,11,82935.0,84283.0
1707,36,Text,AG,9,86796.0,88523.0
1708,36,Text,A,5,90720.0,91708.0
1709,36,Text,G,1,95451.0,96179.0
1710,36,Text,control,16,100467.0,101858.0
1711,36,Text,G,15,104640.0,105554.0
1712,36,Text,A,5,108270.0,111279.0
1713,36,Text,AG,4,112956.0,114154.0
1714,36,Text,AG,7,116022.0,117019.0
1715,36,Text,control,16,120870.0,122254.0
1716,36,Text,AG,2,123825.0,125384.0
1717,36,Text,A,8,127176.0,127959.0
1718,36,Text,G,15,129471.0,131099.0
1719,36,Text,A,3,132990.0,134664.0
1720,36,Text,G,10,136512.0,137295.0
1721,36,Text,AG,14,138930.0,140975.0
1722,36,Text,AG,12,143961.0,144590.0
1723,36,Text,G,1,147237.0,150285.0
1724,36,Text,AG,13,152682.0,154715.0
1725,36,Text,AG,9,157467.0,159590.0
1726,36,Text,A,6,162435.0,164465.0
1727,36,Text,A,11,166602.0,167400.0
1728,37,Video,AG,7,41355.0,43347.0
1729,37,Video,A,3,46895.0,48472.0
1730,37,Video,AG,4,51915.0,53437.0
1731,37,Video,control,16,56935.0,0.0
1732,37,Video,AG,9,62220.0,63397.0
1733,37,Video,A,5,67145.0,68082.0
1734,37,Video,AG,13,72835.0,73847.0
1735,37,Video,G,15,78130.0,79652.0
1736,37,Video,A,8,83570.0,84852.0
1737,37,Video,AG,2,89126.0,90297.0
1738,37,Video,AG,14,94820.0,95487.0
1739,37,Video,AG,12,99631.0,100838.0
1740,37,Video,G,1,105326.0,107082.0
1741,37,Video,G,10,110626.0,111057.0
1742,37,Video,A,6,116196.0,116813.0
1743,37,Video,A,11,121521.0,122068.0
1744,37,Video,A,8,126366.0,126988.0
1745,37,Video,AG,2,131147.0,132258.0
1746,37,Video,AG,14,136786.0,137388.0
1747,37,Video,AG,9,141716.0,142488.0
1748,37,Video,A,11,146686.0,147193.0
1749,37,Video,AG,7,151966.0,152753.0
1750,37,Video,control,16,157156.0,157838.0
1751,37,Video,G,10,162106.0,162748.0
1752,37,Video,G,15,167486.0,168733.0
1753,37,Video,A,3,172682.0,173163.0
1754,37,Video,A,6,177921.0,178758.0
1755,37,Video,AG,4,183108.0,184258.0
1756,37,Video,AG,12,188051.0,189543.0
1757,37,Video,G,1,193992.0,195103.0
1758,37,Video,AG,13,199822.0,200228.0
1759,37,Video,A,5,204652.0,205608.0
1760,37,Text,AG,14,41695.0,42969.0
1761,37,Text,A,8,45524.0,49554.0
1762,37,Text,G,10,52440.0,53904.0
1763,37,Text,AG,7,55750.0,57554.0
1764,37,Text,AG,12,59735.0,61734.0
1765,37,Text,A,11,63690.0,66354.0
1766,37,Text,AG,13,67940.0,69024.0
1767,37,Text,control,16,70735.0,71869.0
1768,37,Text,A,6,73455.0,74629.0
1769,37,Text,A,3,76565.0,79289.0
1770,37,Text,AG,9,81565.0,82295.0
1771,37,Text,A,5,83890.0,85175.0
1772,37,Text,G,15,87070.0,87980.0
1773,37,Text,AG,4,89790.0,90865.0
1774,37,Text,AG,2,93125.0,93985.0
1775,37,Text,G,1,96850.0,97555.0
1776,37,Text,G,10,99060.0,101080.0
1777,37,Text,A,8,102915.0,103695.0
1778,37,Text,AG,13,105431.0,108525.0
1779,37,Text,AG,9,110330.0,110790.0
1780,37,Text,AG,14,112500.0,114805.0
1781,37,Text,A,6,117470.0,118785.0
1782,37,Text,AG,12,120386.0,121265.0
1783,37,Text,control,16,124031.0,124685.0
1784,37,Text,AG,2,126566.0,127705.0
1785,37,Text,AG,4,129236.0,129955.0
1786,37,Text,A,11,131446.0,132560.0
1787,37,Text,A,5,134371.0,134875.0
1788,37,Text,A,3,136751.0,137195.0
1789,37,Text,G,1,138891.0,139590.0
1790,37,Text,G,15,141271.0,142515.0
1791,37,Text,AG,7,144386.0,145270.0
1792,38,Video,A,6,64779.0,0.0
1793,38,Video,AG,7,69998.0,72146.0
1794,38,Video,AG,13,75369.0,76550.0
1795,38,Video,AG,2,81059.0,81831.0
1796,38,Video,AG,4,86144.0,87601.0
1797,38,Video,A,3,91624.0,92716.0
1798,38,Video,A,8,96854.0,97496.0
1799,38,Video,control,16,102759.0,0.0
1800,38,Video,AG,14,108254.0,109051.0
1801,38,Video,A,11,113284.0,114236.0
1802,38,Video,G,1,118699.0,119896.0
1803,38,Video,G,15,124169.0,0.0
1804,38,Video,AG,9,130139.0,131446.0
1805,38,Video,AG,12,135169.0,137171.0
1806,38,Video,A,5,140949.0,0.0
1807,38,Video,G,10,145809.0,147676.0
1808,38,Video,A,8,151629.0,152616.0
1809,38,Video,A,5,156345.0,158081.0
1810,38,Video,AG,12,161689.0,0.0
1811,38,Video,AG,13,167229.0,168516.0
1812,38,Video,AG,14,172869.0,174121.0
1813,38,Video,G,15,177829.0,0.0
1814,38,Video,A,3,183350.0,184301.0
1815,38,Video,A,11,188709.0,190116.0
1816,38,Video,AG,9,194059.0,0.0
1817,38,Video,AG,7,199409.0,200761.0
1818,38,Video,AG,2,205325.0,207506.0
1819,38,Video,G,10,211100.0,0.0
1820,38,Video,AG,4,216995.0,218351.0
1821,38,Video,A,6,222489.0,223817.0
1822,38,Video,control,16,227279.0,0.0
1823,38,Video,G,1,232710.0,234506.0
1824,38,Text,A,11,51149.0,54344.0
1825,38,Text,A,3,56640.0,59944.0
1826,38,Text,control,16,61900.0,66719.0
1827,38,Text,G,15,68270.0,70729.0
1828,38,Text,G,1,72540.0,75199.0
1829,38,Text,AG,14,78105.0,79424.0
1830,38,Text,A,5,81310.0,82329.0
1831,38,Text,A,8,84860.0,86204.0
1832,38,Text,A,6,88615.0,89739.0
1833,38,Text,AG,4,91450.0,92344.0
1834,38,Text,AG,13,95690.0,96569.0
1835,38,Text,AG,2,98185.0,99464.0
1836,38,Text,AG,7,102885.0,104234.0
1837,38,Text,G,10,105915.0,106739.0
1838,38,Text,AG,9,109291.0,110534.0
1839,38,Text,AG,12,112405.0,114229.0
1840,38,Text,AG,9,115930.0,116964.0
1841,38,Text,A,6,118430.0,120605.0
1842,38,Text,AG,13,122125.0,122849.0
1843,38,Text,G,15,124790.0,125454.0
1844,38,Text,AG,12,127505.0,127989.0
1845,38,Text,A,8,129910.0,131540.0
1846,38,Text,A,5,133800.0,135179.0
1847,38,Text,G,1,137970.0,138850.0
1848,38,Text,A,11,140690.0,141275.0
1849,38,Text,A,3,143025.0,143514.0
1850,38,Text,AG,14,145210.0,145904.0
1851,38,Text,G,10,147660.0,148480.0
1852,38,Text,AG,4,150035.0,150935.0
1853,38,Text,control,16,152900.0,154275.0
1854,38,Text,AG,7,156101.0,156655.0
1855,38,Text,AG,2,158645.0,159415.0
1856,39,Video,A,6,41037.0,42113.0
1857,39,Video,G,1,45856.0,47618.0
1858,39,Video,A,11,51216.0,52498.0
1859,39,Video,AG,2,56532.0,57659.0
1860,39,Video,AG,7,62412.0,63988.0
1861,39,Video,G,15,68112.0,69664.0
1862,39,Video,G,10,73512.0,74869.0
1863,39,Video,AG,13,78967.0,80514.0
1864,39,Video,control,16,84417.0,85834.0
1865,39,Video,AG,14,89892.0,91294.0
1866,39,Video,A,8,95017.0,97159.0
1867,39,Video,AG,12,99992.0,101999.0
1868,39,Video,A,3,105807.0,107089.0
1869,39,Video,A,5,111062.0,112494.0
1870,39,Video,AG,4,117143.0,118394.0
1871,39,Video,AG,9,122407.0,123614.0
1872,39,Video,A,11,127808.0,129229.0
1873,39,Video,AG,4,133293.0,134480.0
1874,39,Video,G,1,138088.0,139980.0
1875,39,Video,AG,2,143458.0,144575.0
1876,39,Video,A,6,149268.0,150589.0
1877,39,Video,G,10,154578.0,155850.0
1878,39,Video,control,16,160288.0,161700.0
1879,39,Video,AG,7,165473.0,167095.0
1880,39,Video,AG,14,170853.0,171985.0
1881,39,Video,A,3,176254.0,177595.0
1882,39,Video,AG,12,181008.0,182580.0
1883,39,Video,G,15,186333.0,187980.0
1884,39,Video,A,8,192489.0,193805.0
1885,39,Video,AG,13,197569.0,198690.0
1886,39,Video,AG,9,202663.0,203990.0
1887,39,Video,A,5,207690.0,209805.0
1888,39,Text,AG,13,40066.0,42636.0
1889,39,Text,A,5,45902.0,48361.0
1890,39,Text,AG,7,52091.0,53776.0
1891,39,Text,A,3,55797.0,57106.0
1892,39,Text,G,15,59457.0,61101.0
1893,39,Text,AG,12,63107.0,65131.0
1894,39,Text,A,8,68192.0,69241.0
1895,39,Text,AG,14,71117.0,72161.0
1896,39,Text,AG,9,75327.0,77251.0
1897,39,Text,G,1,79707.0,80876.0
1898,39,Text,G,10,83017.0,84641.0
1899,39,Text,control,16,86832.0,89096.0
1900,39,Text,AG,2,92812.0,93531.0
1901,39,Text,AG,4,95557.0,97037.0
1902,39,Text,A,6,98857.0,99801.0
1903,39,Text,A,11,105032.0,106177.0
1904,39,Text,AG,14,107937.0,109397.0
1905,39,Text,control,16,111107.0,113872.0
1906,39,Text,A,3,115487.0,116322.0
1907,39,Text,A,6,117997.0,118727.0
1908,39,Text,G,10,121607.0,123167.0
1909,39,Text,G,15,125217.0,126157.0
1910,39,Text,A,5,127952.0,129482.0
1911,39,Text,AG,4,131417.0,132217.0
1912,39,Text,G,1,133898.0,135002.0
1913,39,Text,A,8,137048.0,138227.0
1914,39,Text,AG,9,140033.0,140712.0
1915,39,Text,A,11,142163.0,142817.0
1916,39,Text,AG,7,145573.0,146437.0
1917,39,Text,AG,12,148648.0,150697.0
1918,39,Text,AG,13,152253.0,153687.0
1919,39,Text,AG,2,155753.0,157167.0
1920,40,Video,AG,2,42564.0,0.0
1921,40,Video,AG,7,48588.0,0.0
1922,40,Video,G,10,54423.0,55625.0
1923,40,Video,A,3,59988.0,60920.0
1924,40,Video,A,11,65134.0,66165.0
1925,40,Video,AG,4,70528.0,0.0
1926,40,Video,A,6,75408.0,76220.0
1927,40,Video,AG,14,80488.0,0.0
1928,40,Video,A,8,85733.0,87470.0
1929,40,Video,control,16,91118.0,0.0
1930,40,Video,G,1,96148.0,97625.0
1931,40,Video,AG,12,101673.0,103570.0
1932,40,Video,G,15,107444.0,0.0
1933,40,Video,A,5,112624.0,0.0
1934,40,Video,AG,9,117809.0,118990.0
1935,40,Video,AG,13,122613.0,123885.0
1936,40,Video,G,15,128119.0,0.0
1937,40,Video,AG,12,133469.0,0.0
1938,40,Video,control,16,138984.0,139950.0
1939,40,Video,A,3,143904.0,0.0
1940,40,Video,AG,7,148954.0,150155.0
1941,40,Video,A,8,154514.0,155415.0
1942,40,Video,AG,4,159435.0,0.0
1943,40,Video,G,1,164284.0,0.0
1944,40,Video,A,5,169609.0,170815.0
1945,40,Video,G,10,175399.0,176431.0
1946,40,Video,AG,13,180979.0,0.0
1947,40,Video,AG,14,185639.0,0.0
1948,40,Video,AG,9,190379.0,0.0
1949,40,Video,AG,2,195520.0,0.0
1950,40,Video,A,6,200819.0,201991.0
1951,40,Video,A,11,206144.0,207221.0
1952,40,Text,AG,13,49511.0,50861.0
1953,40,Text,AG,14,53892.0,55551.0
1954,40,Text,AG,2,57607.0,58681.0
1955,40,Text,AG,12,60822.0,62161.0
1956,40,Text,AG,7,64577.0,65371.0
1957,40,Text,A,5,66947.0,67826.0
1958,40,Text,A,6,69582.0,70406.0
1959,40,Text,AG,9,72092.0,72766.0
1960,40,Text,A,11,74512.0,75781.0
1961,40,Text,G,10,80757.0,81486.0
1962,40,Text,G,1,84037.0,84786.0
1963,40,Text,control,16,86752.0,87266.0
1964,40,Text,A,8,89022.0,89846.0
1965,40,Text,AG,4,91807.0,92886.0
1966,40,Text,A,3,94367.0,95421.0
1967,40,Text,G,15,97337.0,98661.0
1968,40,Text,AG,12,102397.0,103201.0
1969,40,Text,AG,9,104747.0,105296.0
1970,40,Text,control,16,107052.0,107461.0
1971,40,Text,G,10,108927.0,110366.0
1972,40,Text,AG,4,112352.0,114226.0
1973,40,Text,A,11,116092.0,117161.0
1974,40,Text,G,15,119457.0,121071.0
1975,40,Text,A,5,122647.0,123306.0
1976,40,Text,AG,14,124842.0,125416.0
1977,40,Text,A,6,127427.0,128096.0
1978,40,Text,AG,7,130067.0,130911.0
1979,40,Text,A,3,132747.0,133336.0
1980,40,Text,A,8,135357.0,135971.0
1981,40,Text,AG,13,137912.0,138861.0
1982,40,Text,G,1,140982.0,141516.0
1983,40,Text,AG,2,143292.0,144091.0
1984,14,Text,G,1,46147.49999999913,48596.99999999939
1985,14,Text,AG,2,50782.50000000044,51716.999999999825
1986,14,Text,A,14,53777.40000000049,55376.99999999895
1987,14,Text,A,3,58097.400000000926,59017.200000000594
1988,14,Text,AG,13,61142.39999999918,65441.999999999825
1989,14,Text,A,6,68162.39999999962,69067.2000000006
1990,14,Text,A,11,71132.40000000005,72221.99999999939
1991,14,Text,A,8,74072.40000000093,75041.99999999983
1992,14,Text,G,15,76887.60000000038,77647.20000000016
1993,14,Text,AG,9,79622.40000000093,80797.20000000016
1994,14,Text,A,5,82822.49999999913,83576.99999999895
1995,14,Text,AG,7,85677.59999999907,86717.10000000021
1996,14,Text,AG,4,88277.40000000049,89912.10000000065
1997,14,Text,AG,12,92042.39999999918,92782.19999999928
1998,14,Text,G,10,94802.40000000049,96012.00000000026
1999,14,Text,control,16,97562.39999999962,98467.2000000006
2000,14,Text,G,15,100747.49999999913,101597.09999999977
2001,14,Text,AG,13,104982.60000000082,105746.99999999939
2002,14,Text,AG,4,107517.30000000098,108452.09999999934
2003,14,Text,AG,7,110262.60000000038,110702.09999999934
2004,14,Text,A,11,112682.40000000005,113687.10000000065
2005,14,Text,G,10,115602.59999999907,116357.10000000108
2006,14,Text,A,14,117982.50000000044,118676.99999999895
2007,14,Text,A,8,120422.40000000093,121352.09999999934
2008,14,Text,A,5,124572.30000000054,125237.10000000065
2009,14,Text,AG,9,127057.19999999928,129201.90000000075
2010,14,Text,AG,2,136117.2000000006,136877.09999999934
2011,14,Text,control,16,138817.49999999956,139716.89999999944
2012,14,Text,A,3,141432.0000000007,142191.89999999944
2013,14,Text,G,1,144146.9999999994,145091.70000000086
2014,14,Text,AG,12,146612.10000000065,147201.90000000075
2015,14,Text,A,6,149107.19999999928,150411.89999999988
2016,8,Text,control,16,39483.000000000175,41487.600000000384
2017,8,Text,G,10,43347.90000000066,45212.70000000077
2018,8,Text,A,14,46632.89999999979,51022.49999999913
2019,8,Text,G,15,52867.800000000716,54522.59999999951
2020,8,Text,A,5,56492.70000000033,59212.5
2021,8,Text,G,1,61162.79999999897,62242.49999999956
2022,8,Text,AG,12,64562.70000000077,65902.19999999972
2023,8,Text,AG,7,67637.70000000077,68702.40000000049
2024,8,Text,A,11,70502.69999999946,71622.30000000054
2025,8,Text,AG,9,73737.60000000038,75117.30000000098
2026,8,Text,A,3,76827.59999999907,82337.10000000065
2027,8,Text,A,6,84172.49999999913,85142.10000000021
2028,8,Text,A,8,87027.3000000001,88567.2000000006
2029,8,Text,AG,13,90887.39999999962,92072.09999999977
2030,8,Text,AG,4,94117.2000000006,95151.90000000075
2031,8,Text,AG,2,96992.39999999918,98117.10000000021
2032,8,Text,A,21,100117.49999999956,101397.30000000054
2033,8,Text,AG,28,103527.90000000023,104697.59999999951
2034,8,Text,AG,25,106137.89999999935,107307.60000000082
2035,8,Text,A,30,109023.00000000105,109927.79999999984
2036,8,Text,A,19,111818.09999999969,112827.90000000023
2037,8,Text,AG,23,114728.69999999893,115483.20000000094
2038,8,Text,AG,29,116963.70000000024,117958.49999999991
2039,8,Text,A,24,119758.80000000107,120548.69999999937
2040,8,Text,G,31,122529.00000000009,123948.90000000014
2041,8,Text,A,22,126034.49999999939,126924.00000000052
2042,8,Text,control,32,128559.59999999977,129534.3000000008
2043,8,Text,G,26,131219.69999999928,132384.3000000008
2044,8,Text,A,27,133999.79999999923,135174.60000000065
2045,8,Text,AG,20,136985.0999999995,138434.99999999913
2046,8,Text,AG,18,140195.3999999998,141245.10000000082
2047,8,Text,G,17,143070.2999999994,144890.40000000023
2048,17,Text,A,8,45972.59999999951,47172.0
2049,17,Text,AG,9,49632.60000000082,50267.1
2050,17,Text,AG,4,53327.69999999946,54136.8
2051,17,Text,A,3,55652.69999999946,56131.8
2052,17,Text,G,10,58112.70000000077,58686.9
2053,17,Text,G,15,60622.80000000028,61272.0
2054,17,Text,control,16,62967.59999999995,63621.9
2055,17,Text,AG,13,66217.49999999956,66872.1
2056,17,Text,AG,12,68697.59999999951,69297.0
2057,17,Text,AG,7,70722.59999999951,71346.9
2058,17,Text,AG,2,72732.60000000082,73227.0
2059,17,Text,A,14,75092.70000000033,75662.1
2060,17,Text,A,11,77332.7999999994,77946.9
2061,17,Text,G,1,79477.79999999984,80337.0
2062,17,Text,A,5,82912.5,83401.8
2063,17,Text,A,6,85013.10000000012,85521.9
2064,17,Text,G,31,87027.59999999907,87801.6
2065,17,Text,AG,29,89777.69999999946,90557.1
2066,17,Text,AG,20,92242.49999999956,92646.9
2067,17,Text,A,22,94587.60000000038,95121.9
2068,17,Text,A,24,96828.00000000061,97396.8
2069,17,Text,A,30,99077.69999999946,99642.0
2070,17,Text,A,19,101187.60000000038,101666.7
2071,17,Text,AG,18,103587.60000000038,104116.8
2072,17,Text,AG,25,105552.59999999907,106076.7
2073,17,Text,A,27,107747.6999999999,108256.8
2074,17,Text,G,26,109862.70000000077,110326.8
2075,17,Text,control,32,112677.59999999907,113271.6
2076,17,Text,A,21,115222.49999999913,115791.6
2077,17,Text,G,17,117887.39999999962,118621.8
2078,17,Text,AG,28,120557.40000000005,121001.7
2079,17,Text,AG,23,123102.59999999907,123746.7
2080,19,Text,G,1,45113.10000000012,52502.69999999946
2081,19,Text,AG,4,54273.00000000105,55412.70000000077
2082,19,Text,control,16,57288.30000000089,58942.800000000716
2083,19,Text,A,8,60948.00000000105,62327.40000000049
2084,19,Text,AG,12,64062.899999999354,67012.5
2085,19,Text,AG,7,68482.7999999994,69717.59999999995
2086,19,Text,A,11,71247.90000000066,72272.40000000093
2087,19,Text,G,10,73953.00000000061,74737.5
2088,19,Text,AG,2,76608.00000000017,77442.89999999892
2089,19,Text,AG,9,79318.20000000007,80192.9999999993
2090,19,Text,A,6,81608.39999999953,82393.20000000007
2091,19,Text,A,3,84283.49999999991,85278.29999999958
2092,19,Text,G,15,86823.59999999899,87583.20000000094
2093,19,Text,AG,13,89418.90000000058,90413.70000000024
2094,19,Text,A,14,92049.2999999995,93198.90000000014
2095,19,Text,A,5,94874.10000000091,95403.8999999997
2096,19,Text,G,17,97184.399999999,98054.10000000047
2097,19,Text,AG,25,100269.60000000108,101034.3000000008
2098,19,Text,A,21,102634.49999999939,103324.50000000026
2099,19,Text,A,24,105044.69999999928,105704.7000000006
2100,19,Text,AG,23,107565.00000000087,108059.70000000016
2101,19,Text,AG,29,109610.09999999951,110244.90000000005
2102,19,Text,control,32,112220.39999999979,113614.8000000001
2103,19,Text,A,30,114990.29999999984,116454.89999999918
2104,19,Text,A,22,118170.60000000056,119015.40000000023
2105,19,Text,AG,20,120490.79999999958,121075.49999999974
2106,19,Text,G,26,122525.99999999948,123180.59999999969
2107,19,Text,G,31,124796.1000000003,125400.60000000012
2108,19,Text,AG,18,127655.99999999904,128270.70000000094
2109,19,Text,A,27,129671.1000000003,130220.99999999991
2110,19,Text,AG,28,131801.400000001,132800.99999999948
2111,19,Text,A,19,134216.3999999997,135316.19999999893
2112,18,Text,AG,2,41661.89999999988,46606.50000000096
2113,18,Text,A,8,50102.09999999934,51386.40000000014
2114,18,Text,G,10,56302.19999999972,58096.49999999965
2115,18,Text,A,11,59747.400000000926,60816.60000000047
2116,18,Text,G,15,63022.20000000016,63951.5999999996
2117,18,Text,G,1,68621.99999999939,70676.69999999998
2118,18,Text,AG,12,72952.19999999972,75531.59999999916
2119,18,Text,A,3,77017.2000000006,80486.69999999911
2120,18,Text,AG,4,82332.29999999967,83801.69999999998
2121,18,Text,A,14,85142.39999999918,96981.90000000031
2122,18,Text,A,6,99417.30000000098,101601.90000000075
2123,18,Text,AG,13,103232.40000000005,105801.90000000075
2124,18,Text,AG,7,107207.69999999902,111746.99999999939
2125,18,Text,A,5,114092.70000000033,117707.10000000108
2126,18,Text,control,16,119962.5,121086.89999999988
2127,18,Text,AG,9,123368.09999999969,125562.00000000026
2128,18,Text,A,21,127053.00000000061,130262.10000000065
2129,18,Text,AG,18,131962.79999999897,134951.99999999895
2130,18,Text,A,30,137882.69999999902,139322.09999999977
2131,18,Text,G,17,141097.80000000028,146022.30000000054
2132,18,Text,AG,20,147467.9999999993,150977.09999999934
2133,18,Text,A,24,154152.90000000023,155362.20000000103
2134,18,Text,AG,23,156998.09999999925,163147.20000000016
2135,18,Text,A,22,166408.20000000094,168282.0000000007
2136,18,Text,A,19,170708.10000000056,173647.20000000016
2137,18,Text,A,27,176508.29999999914,185237.39999999962
2138,18,Text,AG,25,188528.39999999997,192317.39999999918
2139,18,Text,G,31,194318.40000000084,197582.40000000005
2140,18,Text,AG,28,200963.3999999991,203207.69999999902
2141,18,Text,AG,29,205553.100000001,209332.50000000044
2142,18,Text,G,26,210823.5000000008,212757.29999999967
2143,18,Text,control,32,214093.20000000007,215377.50000000087
2144,16,Text,AG,13,39429.0,42552.0
2145,16,Text,A,8,44919.0,46629.0
2146,16,Text,AG,12,48204.0,48999.0
2147,16,Text,AG,7,50454.0,51687.0
2148,16,Text,AG,9,53148.0,54048.0
2149,16,Text,A,6,55887.0,56652.0
2150,16,Text,A,3,58089.0,59322.0
2151,16,Text,A,14,60969.0,62598.0
2152,16,Text,G,15,65154.0,66057.0
2153,16,Text,G,1,67872.0,68892.0
2154,16,Text,AG,2,70728.0,71382.0
2155,16,Text,AG,4,72858.0,74748.0
2156,16,Text,control,16,76461.0,78186.0
2157,16,Text,A,5,79773.0,81003.0
2158,16,Text,G,10,82641.0,84003.0
2159,16,Text,A,11,85383.0,86523.0
2160,16,Text,A,14,88251.0,90117.0
2161,16,Text,AG,13,91692.0,94326.0
2162,16,Text,AG,12,95841.0,97296.0
2163,16,Text,G,1,98937.0,97296.0
2164,16,Text,G,10,101721.0,99966.0
2165,16,Text,A,3,104691.0,102921.0
2166,16,Text,A,11,109407.0,107688.0
2167,16,Text,A,8,112263.0,110736.0
2168,16,Text,G,15,116916.0,115413.0
2169,16,Text,A,5,119382.0,117897.0
2170,16,Text,AG,2,123837.0,122301.0
2171,16,Text,control,16,131538.0,126858.0
2172,16,Text,AG,4,140358.0,133221.0
2173,16,Text,A,6,144357.0,142407.0
2174,16,Text,AG,9,148737.0,146487.0
2175,16,Text,AG,7,151476.0,149667.0
2176,15,Text,AG,7,41514.0,44343.0
2177,15,Text,AG,2,50754.0,55659.0
2178,15,Text,AG,4,58008.0,63099.0
2179,15,Text,G,10,64905.0,66450.0
2180,15,Text,AG,9,68910.0,70050.0
2181,15,Text,A,3,75468.0,77229.0
2182,15,Text,A,5,79179.0,80718.0
2183,15,Text,A,11,83259.0,84780.0
2184,15,Text,control,16,96933.0,97863.0
2185,15,Text,G,1,100383.0,103383.0
2186,15,Text,AG,13,106134.0,107523.0
2187,15,Text,A,6,109830.0,111705.0
2188,15,Text,A,8,113238.0,114603.0
2189,15,Text,A,14,116034.0,119400.0
2190,15,Text,G,15,124929.0,125898.0
2191,15,Text,AG,12,127350.0,130335.0
2192,15,Text,AG,4,131748.0,133335.0
2193,15,Text,AG,12,138489.0,140250.0
2194,15,Text,A,14,149268.0,150690.0
2195,15,Text,G,15,152574.0,153525.0
2196,15,Text,A,11,156294.0,158565.0
2197,15,Text,A,3,165189.0,166263.0
2198,15,Text,AG,13,168174.0,169473.0
2199,15,Text,AG,9,171234.0,172509.0
2200,15,Text,A,8,174372.0,176013.0
2201,15,Text,AG,7,177819.0,178512.0
2202,15,Text,A,6,180003.0,180753.0
2203,15,Text,AG,2,182454.0,184077.0
2204,15,Text,G,1,185712.0,186972.0
2205,15,Text,G,10,188883.0,190047.0
2206,15,Text,control,16,191784.0,192699.0
2207,15,Text,A,5,194697.0,195342.0
2208,2,Text,A,11,45258.0,47334.0
2209,2,Text,AG,13,49734.0,50904.0
2210,2,Text,G,10,53364.0,54189.0
2211,2,Text,A,8,56793.0,57873.0
2212,2,Text,AG,2,59868.0,60813.0
2213,2,Text,AG,12,63813.0,65097.0
2214,2,Text,AG,7,67122.0,67668.0
2215,2,Text,AG,9,69222.0,71319.0
2216,2,Text,A,6,73482.0,74889.0
2217,2,Text,AG,4,76614.0,77772.0
2218,2,Text,A,14,79818.0,81153.0
2219,2,Text,G,1,83124.0,83763.0
2220,2,Text,A,3,86892.0,87849.0
2221,2,Text,G,15,89673.0,90993.0
2222,2,Text,control,16,93003.0,93819.0
2223,2,Text,A,5,96369.0,97392.0
2224,2,Text,A,5,98904.0,100197.0
2225,2,Text,AG,7,101784.0,102363.0
2226,2,Text,A,14,103998.0,104739.0
2227,2,Text,AG,13,106692.0,107457.0
2228,2,Text,G,15,109038.0,109842.0
2229,2,Text,A,6,111462.0,112587.0
2230,2,Text,A,11,114264.0,115047.0
2231,2,Text,AG,2,117339.0,118203.0
2232,2,Text,G,10,120144.0,120783.0
2233,2,Text,AG,4,122328.0,123282.0
2234,2,Text,A,3,125118.0,126843.0
2235,2,Text,A,8,128403.0,129108.0
2236,2,Text,AG,9,131793.0,132294.0
2237,2,Text,G,1,133974.0,135537.0
2238,2,Text,AG,12,138273.0,139068.0
2239,2,Text,control,16,141039.0,141519.0
2240,7,Text,A,3,41208.0,42678.0
2241,7,Text,AG,12,45354.0,46524.0
2242,7,Text,AG,9,48144.0,49548.0
2243,7,Text,AG,7,51525.0,52704.0
2244,7,Text,AG,13,54138.0,54558.0
2245,7,Text,AG,2,59454.0,60399.0
2246,7,Text,A,6,62079.0,62880.0
2247,7,Text,A,8,64893.0,66384.0
2248,7,Text,G,1,68670.0,69402.6
2249,7,Text,G,10,71130.0,72195.0
2250,7,Text,G,15,73878.0,75600.0
2251,7,Text,A,14,77490.0,78063.0
2252,7,Text,control,16,81183.0,82005.0
2253,7,Text,A,5,84033.0,84720.0
2254,7,Text,AG,4,87114.0,87933.0
2255,7,Text,A,11,89835.0,90510.0
2256,7,Text,A,5,92118.0,92880.0
2257,7,Text,G,10,94734.0,95544.0
2258,7,Text,AG,13,97353.0,98265.0
2259,7,Text,control,16,99759.0,100552.2
2260,7,Text,A,6,102600.0,103179.0
2261,7,Text,A,8,104730.0,105504.0
2262,7,Text,G,15,107478.0,108255.0
2263,7,Text,A,3,110340.0,110934.0
2264,7,Text,AG,9,112890.0,113694.0
2265,7,Text,G,1,115563.0,116388.0
2266,7,Text,AG,7,118713.0,119925.0
2267,7,Text,AG,12,122079.0,123180.0
2268,7,Text,A,14,127053.0,127563.0
2269,7,Text,A,11,129663.0,130158.0
2270,7,Text,AG,2,132330.0,132330.0
2271,7,Text,AG,4,134574.0,135303.0
2272,12,Text,control,16,50007.0,52542.0
2273,12,Text,AG,13,54690.0,55440.0
2274,12,Text,A,3,57447.0,58515.0
2275,12,Text,A,5,62937.0,63381.0
2276,12,Text,AG,7,65580.0,66276.0
2277,12,Text,A,6,67950.0,68955.0
2278,12,Text,G,15,70575.0,71886.0
2279,12,Text,AG,2,73875.0,74916.0
2280,12,Text,AG,4,77700.0,78537.0
2281,12,Text,A,14,80817.0,81627.0
2282,12,Text,G,1,83742.0,85065.0
2283,12,Text,A,8,87246.0,88065.0
2284,12,Text,AG,12,90270.0,91161.0
2285,12,Text,AG,9,92751.0,93426.0
2286,12,Text,A,11,95742.0,96246.0
2287,12,Text,G,10,98397.0,99201.0
2288,12,Text,AG,2,101541.0,102162.0
2289,12,Text,A,14,103887.0,104430.0
2290,12,Text,control,16,106716.0,107556.0
2291,12,Text,A,8,109965.0,110637.0
2292,12,Text,A,11,112695.0,113451.0
2293,12,Text,A,3,115395.0,115962.0
2294,12,Text,G,10,117615.0,118200.0
2295,12,Text,G,1,119904.0,120564.0
2296,12,Text,G,15,122226.0,122745.0
2297,12,Text,A,6,124596.0,125220.0
2298,12,Text,AG,12,128406.0,129606.0
2299,12,Text,AG,7,131340.0,132120.0
2300,12,Text,AG,13,136014.0,136464.0
2301,12,Text,AG,4,138099.0,138699.0
2302,12,Text,AG,9,140199.0,140874.0
2303,12,Text,A,5,143001.0,143631.0
2304,4,Text,G,10,27750.0,28953.0
2305,4,Text,G,15,31074.0,31740.0
2306,4,Text,AG,2,33360.0,34695.0
2307,4,Text,AG,13,36405.0,37254.0
2308,4,Text,AG,4,39408.00000000001,40023.0
2309,4,Text,AG,7,41628.0,42624.00000000001
2310,4,Text,AG,12,44595.0,45378.0
2311,4,Text,G,1,47208.00000000001,47934.0
2312,4,Text,control,16,49875.0,50658.00000000001
2313,4,Text,A,11,52284.0,53433.00000000001
2314,4,Text,A,8,54948.0,56268.0
2315,4,Text,AG,9,56784.0,59790.0
2316,4,Text,A,14,58920.0,61809.0
2317,4,Text,A,3,61353.0,66669.0
2318,4,Text,A,6,65664.0,69840.0
2319,4,Text,A,5,69069.0,72270.0
2320,4,Text,A,11,74760.0,75288.0
2321,4,Text,A,3,76995.0,77523.00000000001
2322,4,Text,A,14,79455.0,79860.0
2323,4,Text,G,10,82029.0,82335.0
2324,4,Text,G,1,85269.0,86139.0
2325,4,Text,A,8,88725.0,89295.0
2326,4,Text,control,16,91320.0,91728.0
2327,4,Text,G,15,93375.0,94038.0
2328,4,Text,AG,7,95793.0,96285.0
2329,4,Text,AG,2,98349.0,99180.0
2330,4,Text,A,6,101223.00000000001,102015.0
2331,4,Text,AG,13,103583.99999999999,104055.0
2332,4,Text,AG,12,105618.0,106260.0
2333,4,Text,AG,9,108330.0,108924.0
2334,4,Text,A,5,110814.0,111483.0
2335,4,Text,AG,4,113964.0,114675.0
2336,6,Text,G,1,47928.0,50097.0
2337,6,Text,G,15,52475.99999999999,54615.0
2338,6,Text,A,5,56721.0,58578.0
2339,6,Text,A,3,60425.99999999999,62481.0
2340,6,Text,AG,13,64925.99999999999,66210.0
2341,6,Text,control,16,69156.0,70710.0
2342,6,Text,AG,2,73977.0,74802.0
2343,6,Text,A,6,77160.0,78435.0
2344,6,Text,A,14,80211.0,82371.0
2345,6,Text,AG,12,84255.0,84255.0
2346,6,Text,AG,7,87285.0,87945.0
2347,6,Text,AG,4,89820.0,91365.0
2348,6,Text,A,11,95051.99999999999,96051.0
2349,6,Text,A,8,97560.0,98670.0
2350,6,Text,G,10,100581.0,101982.0
2351,6,Text,AG,9,103980.0,104796.3
2352,6,Text,A,5,106812.0,107640.0
2353,6,Text,G,10,110166.00000000001,111822.0
2354,6,Text,A,14,113646.0,115761.0
2355,6,Text,AG,9,118461.0,119661.0
2356,6,Text,AG,2,121245.0,121992.0
2357,6,Text,A,6,123495.0,124131.0
2358,6,Text,AG,12,125775.0,126861.0
2359,6,Text,A,11,128901.0,129945.0
2360,6,Text,G,15,132366.0,133257.0
2361,6,Text,AG,7,135180.0,136212.0
2362,6,Text,G,1,138117.0,138882.0
2363,6,Text,control,16,140811.0,143685.0
2364,6,Text,A,3,145641.0,146181.0
2365,6,Text,AG,4,149220.0,151752.0
2366,6,Text,A,8,153381.0,154080.0
2367,6,Text,AG,13,155577.0,157257.00000000003
2368,11,Text,AG,9,40466.99999999999,42378.0
2369,11,Text,AG,7,44811.0,47816.99999999999
2370,11,Text,control,16,49368.0,50241.0
2371,11,Text,G,15,51950.99999999999,53532.0
2372,11,Text,AG,13,55400.99999999999,56691.0
2373,11,Text,G,1,58650.0,61041.0
2374,11,Text,AG,4,62970.0,64290.0
2375,11,Text,AG,12,65871.0,66846.0
2376,11,Text,A,6,68715.0,71322.0
2377,11,Text,A,14,73212.0,73905.0
2378,11,Text,A,5,75927.0,76680.0
2379,11,Text,A,8,78176.99999999999,79212.0
2380,11,Text,A,3,80991.00000000001,81867.0
2381,11,Text,A,11,83730.0,84786.0
2382,11,Text,G,10,86580.0,88791.00000000001
2383,11,Text,AG,2,90861.0,91476.0
2384,11,Text,AG,12,93042.0,93930.0
2385,11,Text,G,10,95505.0,96657.0
2386,11,Text,A,5,98661.0,99597.0
2387,11,Text,AG,2,101901.0,103107.0
2388,11,Text,AG,4,104745.0,106035.0
2389,11,Text,A,11,107940.0,109212.0
2390,11,Text,AG,13,111030.0,111792.0
2391,11,Text,G,1,113430.0,114900.0
2392,11,Text,A,14,116667.0,117840.0
2393,11,Text,A,6,119721.0,120837.0
2394,11,Text,control,16,122811.0,123606.0
2395,11,Text,AG,9,125367.0,126192.0
2396,11,Text,A,8,128276.99999999999,129861.0
2397,11,Text,AG,7,131535.0,132555.0
2398,11,Text,G,15,134535.0,135705.0
2399,11,Text,A,3,137475.0,139287.0
2400,5,Text,AG,4,43407.0,47214.0
2401,5,Text,G,10,51537.0,62088.0
2402,5,Text,A,3,66837.0,71928.0
2403,5,Text,AG,13,74238.0,81054.0
2404,5,Text,AG,12,84312.0,93288.0
2405,5,Text,G,1,96273.00000000001,101126.99999999999
2406,5,Text,A,11,106821.0,116862.0
2407,5,Text,A,8,121596.0,143076.0
2408,5,Text,A,14,144927.0,147876.0
2409,5,Text,AG,9,150498.0,157911.0
2410,5,Text,G,15,163452.0,168198.0
2411,5,Text,AG,2,172857.00000000003,174756.0
2412,5,Text,A,6,177666.0,180141.0
2413,5,Text,AG,7,182436.0,185613.0
2414,5,Text,control,16,190217.99999999997,192987.0
2415,5,Text,A,5,194853.0,197646.00000000003
2416,5,Text,G,1,199791.0,201288.0
2417,5,Text,G,10,204888.0,213342.0
2418,5,Text,A,11,218451.0,225657.00000000003
2419,5,Text,AG,4,229161.0,233550.0
2420,5,Text,AG,12,237660.0,240261.0
2421,5,Text,A,8,242385.0,249315.0
2422,5,Text,A,6,251775.0,254520.0
2423,5,Text,AG,7,257562.0,260136.0
2424,5,Text,AG,9,262386.0,266442.0
2425,5,Text,A,14,268647.0,272247.0
2426,5,Text,control,16,274665.0,277161.0
2427,5,Text,A,5,279765.0,285117.0
2428,5,Text,G,15,287415.0,289476.0
2429,5,Text,AG,13,291087.0,292392.0
2430,5,Text,AG,2,294351.0,297495.0
2431,5,Text,A,3,299325.0,302472.0
2432,1,Text,control,16,42111.0,45087.0
2433,1,Text,AG,12,48306.0,49845.0
2434,1,Text,A,11,52905.0,54087.0
2435,1,Text,G,10,56721.0,57372.0
2436,1,Text,AG,9,61386.0,62300.99999999999
2437,1,Text,AG,7,65082.0,65421.0
2438,1,Text,A,6,68355.0,68640.0
2439,1,Text,G,15,70686.0,71841.0
2440,1,Text,G,1,75000.0,75390.0
2441,1,Text,AG,2,78120.0,78411.0
2442,1,Text,AG,4,80910.0,81255.0
2443,1,Text,A,8,84345.0,84714.0
2444,1,Text,A,3,87135.0,87381.0
2445,1,Text,A,14,89361.0,89858.99999999999
2446,1,Text,A,5,91566.00000000001,91821.0
2447,1,Text,AG,13,94704.0,95154.0
2448,1,Text,AG,12,98019.0,98346.0
2449,1,Text,G,1,101340.0,101895.0
2450,1,Text,G,15,104258.99999999999,104258.99999999999
2451,1,Text,control,16,107271.0,107483.99999999999
2452,1,Text,A,8,109989.0,110333.99999999999
2453,1,Text,AG,4,112494.0,112746.0
2454,1,Text,G,10,114696.0,114891.00000000001
2455,1,Text,A,3,117660.0,117921.0
2456,1,Text,A,11,120174.0,120420.0
2457,1,Text,A,14,122325.0,122490.0
2458,1,Text,A,6,124221.0,124386.0
2459,1,Text,A,5,126555.0,127104.0
2460,1,Text,AG,7,129279.0,129474.0
2461,1,Text,AG,2,132669.0,132891.0
2462,1,Text,AG,13,135105.0,135294.0
2463,1,Text,AG,9,137190.0,137409.0
2464,3,Text,control,16,40374.00000000001,42669.0
2465,3,Text,A,8,44739.0,47463.0
2466,3,Text,AG,9,49659.0,50778.0
2467,3,Text,A,3,52464.0,53754.0
2468,3,Text,A,6,55383.00000000001,56289.0
2469,3,Text,AG,13,58362.0,60183.00000000001
2470,3,Text,AG,4,61854.0,62973.0
2471,3,Text,AG,12,65037.0,66084.0
2472,3,Text,G,10,67983.0,69993.0
2473,3,Text,A,14,72969.0,74118.0
2474,3,Text,AG,2,75663.0,76584.0
2475,3,Text,G,15,78048.00000000001,78897.0
2476,3,Text,AG,7,80724.0,81774.0
2477,3,Text,A,5,83319.0,84387.0
2478,3,Text,G,1,85869.0,87176.99999999999
2479,3,Text,A,11,88662.0,89532.0
2480,3,Text,A,6,91076.99999999999,91857.0
2481,3,Text,A,11,93714.0,94376.99999999999
2482,3,Text,AG,7,95844.0,96768.0
2483,3,Text,G,15,98763.0,99639.0
2484,3,Text,A,14,101801.99999999999,102699.0
2485,3,Text,AG,2,104426.99999999999,105144.0
2486,3,Text,A,8,106863.0,107742.0
2487,3,Text,G,1,109932.0,110922.0
2488,3,Text,G,10,112449.0,113229.0
2489,3,Text,AG,13,115001.99999999999,116208.0
2490,3,Text,A,3,120033.0,120033.0
2491,3,Text,control,16,122148.00000000001,122868.0
2492,3,Text,AG,9,124389.0,124869.0
2493,3,Text,A,5,127374.0,128004.0
2494,3,Text,AG,12,129567.0,130647.0
2495,3,Text,AG,4,132324.0,132957.0
2496,10,Text,AG,9,40854.0,46713.0
2497,10,Text,A,5,48783.00000000001,51024.00000000001
2498,10,Text,AG,4,53244.0,55185.0
2499,10,Text,A,8,57378.0,58743.0
2500,10,Text,A,14,60675.0,73239.0
2501,10,Text,AG,2,74568.0,76068.0
2502,10,Text,A,6,77805.0,79058.99999999999
2503,10,Text,G,15,83568.0,85005.0
2504,10,Text,A,3,86904.0,89343.0
2505,10,Text,A,11,93654.0,94929.0
2506,10,Text,control,16,96999.0,99063.0
2507,10,Text,AG,12,102270.0,104349.0
2508,10,Text,G,1,106380.0,107565.0
2509,10,Text,AG,7,109620.0,110754.0
2510,10,Text,AG,13,112583.99999999999,113745.0
2511,10,Text,G,10,116340.0,117555.0
2512,10,Text,AG,2,119730.0,121082.4
2513,10,Text,A,14,123390.0,124737.0
2514,10,Text,G,10,126954.0,128217.0
2515,10,Text,G,15,130119.0,131568.0
2516,10,Text,AG,13,135204.0,135894.0
2517,10,Text,A,6,137898.0,138819.0
2518,10,Text,A,11,140853.0,142767.0
2519,10,Text,A,8,144777.0,146658.0
2520,10,Text,A,3,148833.0,149727.0
2521,10,Text,AG,12,151872.0,152898.0
2522,10,Text,control,16,154839.0,155603.99999999997
2523,10,Text,A,5,157578.0,158553.0
2524,10,Text,AG,7,160362.0,160998.0
2525,10,Text,G,1,163002.0,164139.0
2526,10,Text,AG,4,166149.0,167553.0
2527,10,Text,AG,9,169413.0,171174.0
2528,13,Text,AG,4,40944.0,43614.0
2529,13,Text,control,16,46818.0,50280.0
2530,13,Text,A,8,52389.0,55965.0
2531,13,Text,A,14,57774.00000000001,59358.00000000001
2532,13,Text,A,6,61080.0,62283.00000000001
2533,13,Text,AG,7,64128.0,65358.00000000001
2534,13,Text,AG,12,66999.0,69093.0
2535,13,Text,AG,2,70884.0,72669.0
2536,13,Text,A,3,74460.0,76278.0
2537,13,Text,G,10,78258.0,79368.0
2538,13,Text,AG,13,80808.0,82074.0
2539,13,Text,AG,9,83355.0,84549.0
2540,13,Text,G,15,86424.0,87975.0
2541,13,Text,A,5,89883.0,90645.0
2542,13,Text,A,11,92364.0,94395.0
2543,13,Text,G,1,95949.0,97668.0
2544,13,Text,AG,4,99498.00000000001,101295.0
2545,13,Text,G,1,103194.0,104793.0
2546,13,Text,A,11,106608.0,107708.99999999999
2547,13,Text,AG,2,109308.0,110289.0
2548,13,Text,A,6,112749.0,113598.00000000001
2549,13,Text,A,8,115389.0,116403.0
2550,13,Text,G,15,117990.0,118920.0
2551,13,Text,control,16,120810.0,122223.00000000001
2552,13,Text,A,3,124068.0,125724.0
2553,13,Text,AG,7,128238.0,128889.0
2554,13,Text,A,14,130173.00000000001,130725.0
2555,13,Text,G,10,132465.0,132954.0
2556,13,Text,AG,9,134589.0,135054.0
2557,13,Text,AG,12,136545.0,137169.0
2558,13,Text,AG,13,138714.0,139455.0
2559,13,Text,A,5,141300.0,142998.0
2560,9,Text,A,5,45957.0,49758.00000000001
2561,9,Text,G,10,53811.0,58056.0
2562,9,Text,G,1,59622.0,65496.0
2563,9,Text,AG,12,67533.0,68727.0
2564,9,Text,AG,7,70587.0,72681.0
2565,9,Text,A,3,74397.0,75453.0
2566,9,Text,A,14,77388.0,78807.0
2567,9,Text,G,15,90926.99999999999,92487.0
2568,9,Text,AG,2,94473.00000000001,96837.0
2569,9,Text,AG,4,98772.0,99876.0
2570,9,Text,A,6,102018.0,103128.0
2571,9,Text,AG,13,105318.0,107951.99999999999
2572,9,Text,control,16,109617.0,111486.0
2573,9,Text,AG,9,114198.00000000001,117276.0
2574,9,Text,A,8,119538.0,121701.0
2575,9,Text,A,11,123933.0,125238.0
2576,9,Text,AG,13,127137.0,128367.0
2577,9,Text,AG,4,130116.00000000001,131601.0
2578,9,Text,AG,2,133272.0,135081.0
2579,9,Text,AG,12,136986.0,139032.0
2580,9,Text,control,16,140538.0,141873.0
2581,9,Text,A,5,143916.0,144558.0
2582,9,Text,A,11,146526.0,148062.0
2583,9,Text,A,6,149781.0,150615.0
2584,9,Text,AG,9,152505.0,153420.0
2585,9,Text,A,8,154980.0,156015.0
2586,9,Text,A,14,157761.0,158535.0
2587,9,Text,G,15,161982.00000000003,162996.00000000003
2588,9,Text,G,1,171036.0,172032.00000000003
2589,9,Text,G,10,173700.0,174642.0
2590,9,Text,AG,7,176676.0,180300.0
2591,9,Text,A,3,182382.00000000003,184572.0
2592,20,Text,A,5,49541.99999999999,51996.0
2593,20,Text,AG,13,57210.0,59700.0
2594,20,Text,A,3,63600.0,66102.0
2595,20,Text,G,10,68406.0,70821.0
2596,20,Text,AG,4,72702.0,74520.0
2597,20,Text,G,1,76911.0,78465.0
2598,20,Text,AG,7,80625.0,81555.0
2599,20,Text,A,11,83856.0,85455.0
2600,20,Text,control,16,87300.0,89445.0
2601,20,Text,G,15,91658.99999999999,92979.0
2602,20,Text,AG,2,94881.0,95535.0
2603,20,Text,AG,12,97116.00000000001,98031.0
2604,20,Text,AG,9,100185.0,101016.00000000001
2605,20,Text,A,8,102906.0,103433.99999999999
2606,20,Text,A,14,105669.0,106404.0
2607,20,Text,A,6,108264.0,108846.0
2608,20,Text,A,5,110391.00000000001,110955.0
2609,20,Text,AG,9,113019.0,113499.0
2610,20,Text,A,14,114954.0,115515.0
2611,20,Text,A,6,117189.0,118731.0
2612,20,Text,A,3,120255.0,120705.0
2613,20,Text,G,10,122904.0,123405.0
2614,20,Text,AG,4,125850.0,126966.00000000001
2615,20,Text,AG,13,128844.0,129756.0
2616,20,Text,G,1,131364.0,132429.0
2617,20,Text,control,16,134511.0,136140.0
2618,20,Text,A,11,138690.0,139299.0
2619,20,Text,AG,2,141636.0,142281.0
2620,20,Text,AG,7,144216.0,144810.0
2621,20,Text,AG,12,148560.0,149391.0
2622,20,Text,G,15,151134.0,152061.0
2623,20,Text,A,8,153840.0,154830.0
